machine_id,line_id,factory_id,machine_type,brand,model,installation_date,machine_age_years,criticality,rated_capacity_units_per_hour,normal_temperature_c,warning_temperature_c,normal_rpm_min,normal_rpm_max,baseline_vibration_mm_s,base_failure_probability,machine_status
MCH0001,LIN020,FAC007,Injection Molding,Husky,HUS-145,2015-07-24,10.9,Medium,464,55,75,1200,1900,3.0,0.045,Standby
MCH0002,LIN009,FAC003,Industrial Furnace,Thermax,THE-780,2013-06-21,13.0,Low,378,350,520,0,0,1.5,0.0508,Standby
MCH0003,LIN025,FAC009,Packaging Line,Krones,KRO-584,2013-01-09,13.5,High,381,40,65,700,1300,2.0,0.0771,Active
MCH0004,LIN020,FAC007,Assembly Robot,ABB,ABB-263,2011-11-23,14.6,Medium,149,45,70,1400,2100,2.2,0.0551,Standby
MCH0005,LIN010,FAC004,Grinding Machine,Bosch Rexroth,BOS-632,2018-10-04,7.7,High,493,65,82,1500,2300,3.4,0.0612,Active
MCH0006,LIN013,FAC005,CNC Milling,Makino,MAK-175,2012-05-19,14.1,Medium,106,72,85,1800,2400,2.8,0.0538,Active
MCH0007,LIN021,FAC007,Industrial Furnace,Thermax,THE-587,2010-07-31,15.9,Low,247,350,520,0,0,1.5,0.0587,Active
MCH0008,LIN015,FAC005,Industrial Furnace,Thermax,THE-577,2012-09-21,13.8,Medium,372,350,520,0,0,1.5,0.053,Standby
MCH0009,LIN026,FAC009,Hydraulic Press,Schuler,SCH-311,2013-06-14,13.0,High,302,60,78,800,1400,3.2,0.0758,Standby
MCH0010,LIN011,FAC004,Packaging Line,Krones,KRO-827,2023-06-02,3.1,Medium,115,40,65,700,1300,2.0,0.0235,Standby
MCH0011,LIN013,FAC005,CNC Milling,Makino,MAK-277,2014-05-21,12.1,High,103,72,85,1800,2400,2.8,0.0733,Standby
MCH0012,LIN030,FAC010,CNC Milling,Makino,MAK-756,2020-02-19,6.4,High,176,72,85,1800,2400,2.8,0.0576,Under Maintenance
MCH0013,LIN023,FAC008,CNC Milling,Makino,MAK-323,2012-11-23,13.6,High,482,72,85,1800,2400,2.8,0.0774,Standby
MCH0014,LIN029,FAC010,Hydraulic Press,Schuler,SCH-290,2013-08-06,12.9,High,279,60,78,800,1400,3.2,0.0755,Active
MCH0015,LIN014,FAC005,Grinding Machine,Bosch Rexroth,BOS-291,2011-10-07,14.7,Medium,256,65,82,1500,2300,3.4,0.0554,Active
MCH0016,LIN009,FAC003,Packaging Line,Krones,KRO-934,2021-02-28,5.3,Critical,292,40,65,700,1300,2.0,0.0546,Active
MCH0017,LIN015,FAC005,Hydraulic Press,Schuler,SCH-555,2017-04-22,9.2,Medium,141,60,78,800,1400,3.2,0.0403,Standby
MCH0018,LIN026,FAC009,Assembly Robot,ABB,ABB-336,2012-02-14,14.4,High,82,45,70,1400,2100,2.2,0.0796,Active
MCH0019,LIN029,FAC010,Packaging Line,Krones,KRO-658,2024-06-25,2.0,Medium,481,40,65,700,1300,2.0,0.0205,Active
MCH0020,LIN001,FAC001,Industrial Furnace,Thermax,THE-803,2013-07-08,13.0,Medium,373,350,520,0,0,1.5,0.0508,Standby
MCH0021,LIN007,FAC003,CNC Lathe,DMG Mori,DMG-669,2023-12-04,2.6,High,464,68,80,1600,2200,2.7,0.0471,Standby
MCH0022,LIN024,FAC008,Injection Molding,Husky,HUS-374,2022-10-13,3.7,Medium,423,55,75,1200,1900,3.0,0.0252,Standby
MCH0023,LIN005,FAC002,CNC Lathe,DMG Mori,DMG-546,2015-12-01,10.6,Low,167,68,80,1600,2200,2.7,0.0442,Active
MCH0024,LIN022,FAC008,CNC Milling,Makino,MAK-289,2017-12-28,8.5,High,410,72,85,1800,2400,2.8,0.0634,Active
MCH0025,LIN017,FAC006,Industrial Furnace,Thermax,THE-165,2016-03-17,10.3,High,229,350,520,0,0,1.5,0.0683,Active
MCH0026,LIN006,FAC002,Assembly Robot,ABB,ABB-521,2015-09-30,10.7,Low,477,45,70,1400,2100,2.2,0.0444,Active
MCH0027,LIN014,FAC005,CNC Milling,Makino,MAK-123,2011-04-15,15.2,Low,238,72,85,1800,2400,2.8,0.0568,Active
MCH0028,LIN004,FAC002,Industrial Furnace,Thermax,THE-721,2017-01-24,9.4,High,400,350,520,0,0,1.5,0.0658,Standby
MCH0029,LIN002,FAC001,Grinding Machine,Bosch Rexroth,BOS-708,2017-02-02,9.4,High,316,65,82,1500,2300,3.4,0.0658,Under Maintenance
MCH0030,LIN022,FAC008,CNC Lathe,DMG Mori,DMG-797,2018-05-24,8.1,High,208,68,80,1600,2200,2.7,0.0623,Under Maintenance
MCH0031,LIN010,FAC004,Industrial Furnace,Thermax,THE-547,2011-04-18,15.2,High,92,350,520,0,0,1.5,0.0818,Active
MCH0032,LIN023,FAC008,Industrial Furnace,Thermax,THE-887,2016-06-30,10.0,High,489,350,520,0,0,1.5,0.0675,Active
MCH0033,LIN010,FAC004,Grinding Machine,Bosch Rexroth,BOS-120,2017-02-25,9.3,High,357,65,82,1500,2300,3.4,0.0656,Active
MCH0034,LIN007,FAC003,CNC Milling,Makino,MAK-225,2012-07-11,14.0,Medium,140,72,85,1800,2400,2.8,0.0535,Active
MCH0035,LIN005,FAC002,Industrial Furnace,Thermax,THE-771,2023-05-23,3.1,High,234,350,520,0,0,1.5,0.0485,Active
MCH0036,LIN014,FAC005,Hydraulic Press,Schuler,SCH-486,2017-12-26,8.5,Medium,202,60,78,800,1400,3.2,0.0384,Under Maintenance
MCH0037,LIN022,FAC008,Injection Molding,Husky,HUS-129,2012-10-22,13.7,Medium,418,55,75,1200,1900,3.0,0.0527,Standby
MCH0038,LIN022,FAC008,Grinding Machine,Bosch Rexroth,BOS-333,2015-09-20,10.8,High,91,65,82,1500,2300,3.4,0.0697,Active
MCH0039,LIN009,FAC003,Packaging Line,Krones,KRO-422,2019-05-17,7.1,Medium,150,40,65,700,1300,2.0,0.0345,Standby
MCH0040,LIN003,FAC001,Hydraulic Press,Schuler,SCH-986,2022-05-28,4.1,Low,343,60,78,800,1400,3.2,0.0263,Active
MCH0041,LIN011,FAC004,Industrial Furnace,Thermax,THE-111,2011-04-06,15.2,High,401,350,520,0,0,1.5,0.0818,Active
MCH0042,LIN016,FAC006,CNC Milling,Makino,MAK-982,2014-12-23,11.5,High,157,72,85,1800,2400,2.8,0.0716,Under Maintenance
MCH0043,LIN023,FAC008,Industrial Furnace,Thermax,THE-382,2015-03-20,11.3,High,255,350,520,0,0,1.5,0.0711,Active
MCH0044,LIN012,FAC004,Industrial Furnace,Thermax,THE-661,2020-04-20,6.2,High,495,350,520,0,0,1.5,0.057,Under Maintenance
MCH0045,LIN029,FAC010,Assembly Robot,ABB,ABB-520,2014-03-20,12.3,Medium,158,45,70,1400,2100,2.2,0.0488,Under Maintenance
MCH0046,LIN029,FAC010,CNC Milling,Makino,MAK-955,2017-12-13,8.5,High,347,72,85,1800,2400,2.8,0.0634,Under Maintenance
MCH0047,LIN026,FAC009,CNC Milling,Makino,MAK-406,2024-05-02,2.2,Medium,270,72,85,1800,2400,2.8,0.021,Standby
MCH0048,LIN024,FAC008,Assembly Robot,ABB,ABB-203,2013-02-04,13.4,High,89,45,70,1400,2100,2.2,0.0769,Standby
MCH0049,LIN007,FAC003,Assembly Robot,ABB,ABB-502,2022-11-04,3.7,Low,274,45,70,1400,2100,2.2,0.0252,Standby
MCH0050,LIN017,FAC006,Hydraulic Press,Schuler,SCH-245,2021-05-30,5.1,Low,455,60,78,800,1400,3.2,0.029,Under Maintenance
MCH0051,LIN011,FAC004,Assembly Robot,ABB,ABB-706,2016-12-17,9.5,Low,419,45,70,1400,2100,2.2,0.0411,Active
MCH0052,LIN006,FAC002,Assembly Robot,ABB,ABB-465,2016-08-16,9.9,High,148,45,70,1400,2100,2.2,0.0672,Under Maintenance
MCH0053,LIN007,FAC003,CNC Milling,Makino,MAK-532,2023-08-04,2.9,High,262,72,85,1800,2400,2.8,0.048,Standby
MCH0054,LIN006,FAC002,CNC Milling,Makino,MAK-248,2014-01-11,12.5,Medium,163,72,85,1800,2400,2.8,0.0494,Active
MCH0055,LIN029,FAC010,CNC Lathe,DMG Mori,DMG-821,2021-07-20,4.9,High,409,68,80,1600,2200,2.7,0.0535,Active
MCH0056,LIN027,FAC009,Industrial Furnace,Thermax,THE-321,2011-06-06,15.1,Medium,352,350,520,0,0,1.5,0.0565,Active
MCH0057,LIN020,FAC007,Injection Molding,Husky,HUS-434,2012-11-02,13.7,Low,328,55,75,1200,1900,3.0,0.0527,Active
MCH0058,LIN028,FAC010,CNC Lathe,DMG Mori,DMG-408,2018-07-20,7.9,Medium,411,68,80,1600,2200,2.7,0.0367,Active
MCH0059,LIN012,FAC004,Packaging Line,Krones,KRO-631,2021-03-09,5.3,Medium,206,40,65,700,1300,2.0,0.0296,Active
MCH0060,LIN022,FAC008,Packaging Line,Krones,KRO-170,2023-02-16,3.4,Medium,478,40,65,700,1300,2.0,0.0243,Active
MCH0061,LIN026,FAC009,Packaging Line,Krones,KRO-777,2016-12-31,9.5,Medium,195,40,65,700,1300,2.0,0.0411,Active
MCH0062,LIN011,FAC004,Grinding Machine,Bosch Rexroth,BOS-430,2021-05-10,5.1,High,450,65,82,1500,2300,3.4,0.054,Under Maintenance
MCH0063,LIN013,FAC005,Industrial Furnace,Thermax,THE-574,2013-12-18,12.5,Medium,192,350,520,0,0,1.5,0.0494,Active
MCH0064,LIN025,FAC009,Industrial Furnace,Thermax,THE-704,2019-03-11,7.3,High,275,350,520,0,0,1.5,0.0601,Active
MCH0065,LIN005,FAC002,Packaging Line,Krones,KRO-230,2022-09-16,3.8,High,300,40,65,700,1300,2.0,0.0505,Active
MCH0066,LIN011,FAC004,CNC Lathe,DMG Mori,DMG-987,2017-03-06,9.3,Medium,307,68,80,1600,2200,2.7,0.0406,Active
MCH0067,LIN005,FAC002,Assembly Robot,ABB,ABB-246,2015-04-04,11.2,Medium,367,45,70,1400,2100,2.2,0.0458,Active
MCH0068,LIN009,FAC003,Assembly Robot,ABB,ABB-510,2022-11-19,3.6,Medium,284,45,70,1400,2100,2.2,0.0249,Active
MCH0069,LIN018,FAC006,Industrial Furnace,Thermax,THE-795,2019-03-10,7.3,Medium,472,350,520,0,0,1.5,0.0351,Under Maintenance
MCH0070,LIN030,FAC010,Injection Molding,Husky,HUS-438,2019-07-09,7.0,Medium,110,55,75,1200,1900,3.0,0.0343,Under Maintenance
MCH0071,LIN024,FAC008,Hydraulic Press,Schuler,SCH-818,2010-03-28,16.3,Medium,209,60,78,800,1400,3.2,0.0598,Active
MCH0072,LIN011,FAC004,Grinding Machine,Bosch Rexroth,BOS-594,2020-09-03,5.8,High,253,65,82,1500,2300,3.4,0.0559,Active
MCH0073,LIN002,FAC001,Injection Molding,Husky,HUS-972,2024-04-09,2.2,Medium,217,55,75,1200,1900,3.0,0.021,Active
MCH0074,LIN001,FAC001,Injection Molding,Husky,HUS-737,2020-04-02,6.2,Medium,402,55,75,1200,1900,3.0,0.032,Active
MCH0075,LIN003,FAC001,Injection Molding,Husky,HUS-197,2022-02-02,4.4,High,159,55,75,1200,1900,3.0,0.0521,Active
MCH0076,LIN008,FAC003,Packaging Line,Krones,KRO-274,2014-08-18,11.9,High,441,40,65,700,1300,2.0,0.0727,Active
MCH0077,LIN003,FAC001,Grinding Machine,Bosch Rexroth,BOS-672,2021-09-14,4.8,High,148,65,82,1500,2300,3.4,0.0532,Active
MCH0078,LIN001,FAC001,Assembly Robot,ABB,ABB-663,2019-05-30,7.1,Low,455,45,70,1400,2100,2.2,0.0345,Standby
MCH0079,LIN008,FAC003,Packaging Line,Krones,KRO-451,2024-10-03,1.7,High,257,40,65,700,1300,2.0,0.0447,Active
MCH0080,LIN020,FAC007,Packaging Line,Krones,KRO-434,2015-09-23,10.8,Medium,208,40,65,700,1300,2.0,0.0447,Active
MCH0081,LIN021,FAC007,Packaging Line,Krones,KRO-928,2012-12-27,13.5,Low,267,40,65,700,1300,2.0,0.0521,Active
MCH0082,LIN027,FAC009,Packaging Line,Krones,KRO-624,2014-06-17,12.0,Medium,454,40,65,700,1300,2.0,0.048,Under Maintenance
MCH0083,LIN010,FAC004,Injection Molding,Husky,HUS-520,2023-01-18,3.4,Low,113,55,75,1200,1900,3.0,0.0243,Standby
MCH0084,LIN022,FAC008,Assembly Robot,ABB,ABB-973,2020-10-28,5.7,High,340,45,70,1400,2100,2.2,0.0557,Standby
MCH0085,LIN020,FAC007,Industrial Furnace,Thermax,THE-447,2020-12-21,5.5,Medium,264,350,520,0,0,1.5,0.0301,Active
MCH0086,LIN003,FAC001,Hydraulic Press,Schuler,SCH-992,2015-10-11,10.7,Critical,350,60,78,800,1400,3.2,0.0694,Standby
MCH0087,LIN028,FAC010,Grinding Machine,Bosch Rexroth,BOS-723,2024-02-22,2.4,Low,189,65,82,1500,2300,3.4,0.0216,Active
MCH0088,LIN015,FAC005,Injection Molding,Husky,HUS-976,2014-09-14,11.8,Medium,349,55,75,1200,1900,3.0,0.0475,Active
MCH0089,LIN017,FAC006,Injection Molding,Husky,HUS-833,2016-01-27,10.4,High,330,55,75,1200,1900,3.0,0.0686,Active
MCH0090,LIN018,FAC006,Industrial Furnace,Thermax,THE-501,2018-02-27,8.3,Critical,352,350,520,0,0,1.5,0.0628,Standby
MCH0091,LIN024,FAC008,Injection Molding,Husky,HUS-821,2013-05-30,13.1,High,158,55,75,1200,1900,3.0,0.076,Active
MCH0092,LIN005,FAC002,CNC Milling,Makino,MAK-387,2024-12-14,1.5,High,484,72,85,1800,2400,2.8,0.0441,Active
MCH0093,LIN027,FAC009,Hydraulic Press,Schuler,SCH-653,2013-02-14,13.4,Medium,434,60,78,800,1400,3.2,0.0519,Active
MCH0094,LIN005,FAC002,Packaging Line,Krones,KRO-154,2013-10-10,12.7,Medium,464,40,65,700,1300,2.0,0.0499,Active
MCH0095,LIN022,FAC008,Hydraulic Press,Schuler,SCH-601,2019-04-14,7.2,High,359,60,78,800,1400,3.2,0.0598,Active
MCH0096,LIN010,FAC004,Injection Molding,Husky,HUS-655,2021-07-17,5.0,Medium,127,55,75,1200,1900,3.0,0.0287,Under Maintenance
MCH0097,LIN022,FAC008,Grinding Machine,Bosch Rexroth,BOS-249,2013-06-23,13.0,Critical,445,65,82,1500,2300,3.4,0.0758,Standby
MCH0098,LIN002,FAC001,Packaging Line,Krones,KRO-461,2010-03-03,16.3,Low,380,40,65,700,1300,2.0,0.0598,Active
MCH0099,LIN011,FAC004,CNC Milling,Makino,MAK-989,2013-09-03,12.8,Medium,498,72,85,1800,2400,2.8,0.0502,Active
MCH0100,LIN014,FAC005,Grinding Machine,Bosch Rexroth,BOS-274,2014-06-22,12.0,High,203,65,82,1500,2300,3.4,0.073,Active
MCH0101,LIN022,FAC008,Packaging Line,Krones,KRO-648,2014-10-09,11.7,Medium,296,40,65,700,1300,2.0,0.0472,Under Maintenance
MCH0102,LIN015,FAC005,Industrial Furnace,Thermax,THE-744,2014-09-10,11.8,Critical,458,350,520,0,0,1.5,0.0725,Under Maintenance
MCH0103,LIN030,FAC010,Packaging Line,Krones,KRO-316,2012-01-22,14.4,Critical,458,40,65,700,1300,2.0,0.0796,Active
MCH0104,LIN004,FAC002,CNC Lathe,DMG Mori,DMG-737,2017-12-09,8.6,High,432,68,80,1600,2200,2.7,0.0637,Active
MCH0105,LIN004,FAC002,Hydraulic Press,Schuler,SCH-293,2014-07-26,11.9,High,299,60,78,800,1400,3.2,0.0727,Active
MCH0106,LIN018,FAC006,Hydraulic Press,Schuler,SCH-749,2024-07-15,2.0,Critical,484,60,78,800,1400,3.2,0.0455,Active
MCH0107,LIN010,FAC004,Industrial Furnace,Thermax,THE-633,2018-12-07,7.6,Low,315,350,520,0,0,1.5,0.0359,Active
MCH0108,LIN027,FAC009,Industrial Furnace,Thermax,THE-210,2020-12-13,5.5,Critical,486,350,520,0,0,1.5,0.0551,Active
MCH0109,LIN018,FAC006,Injection Molding,Husky,HUS-723,2018-01-19,8.4,Medium,404,55,75,1200,1900,3.0,0.0381,Standby
MCH0110,LIN002,FAC001,Industrial Furnace,Thermax,THE-180,2015-09-19,10.8,Critical,316,350,520,0,0,1.5,0.0697,Under Maintenance
MCH0111,LIN012,FAC004,CNC Lathe,DMG Mori,DMG-182,2016-03-11,10.3,Medium,382,68,80,1600,2200,2.7,0.0433,Active
MCH0112,LIN003,FAC001,Packaging Line,Krones,KRO-918,2022-08-29,3.8,Low,410,40,65,700,1300,2.0,0.0255,Standby
MCH0113,LIN015,FAC005,Packaging Line,Krones,KRO-426,2022-02-17,4.4,Low,148,40,65,700,1300,2.0,0.0271,Active
MCH0114,LIN004,FAC002,Grinding Machine,Bosch Rexroth,BOS-981,2012-01-23,14.4,Medium,210,65,82,1500,2300,3.4,0.0546,Active
MCH0115,LIN002,FAC001,CNC Lathe,DMG Mori,DMG-850,2023-07-03,3.0,High,251,68,80,1600,2200,2.7,0.0483,Active
MCH0116,LIN010,FAC004,Packaging Line,Krones,KRO-579,2015-06-06,11.1,Medium,433,40,65,700,1300,2.0,0.0455,Active
MCH0117,LIN013,FAC005,Injection Molding,Husky,HUS-420,2021-07-13,5.0,High,294,55,75,1200,1900,3.0,0.0537,Active
MCH0118,LIN016,FAC006,Injection Molding,Husky,HUS-293,2023-05-12,3.1,Medium,473,55,75,1200,1900,3.0,0.0235,Active
MCH0119,LIN019,FAC007,Packaging Line,Krones,KRO-642,2023-03-31,3.2,Medium,88,40,65,700,1300,2.0,0.0238,Under Maintenance
MCH0120,LIN007,FAC003,Grinding Machine,Bosch Rexroth,BOS-903,2010-10-06,15.7,High,151,65,82,1500,2300,3.4,0.0832,Active
MCH0121,LIN008,FAC003,Industrial Furnace,Thermax,THE-984,2015-12-30,10.5,High,456,350,520,0,0,1.5,0.0689,Standby
MCH0122,LIN001,FAC001,Industrial Furnace,Thermax,THE-270,2023-07-05,3.0,High,351,350,520,0,0,1.5,0.0483,Active
MCH0123,LIN019,FAC007,Industrial Furnace,Thermax,THE-667,2014-11-12,11.6,High,167,350,520,0,0,1.5,0.0719,Under Maintenance
MCH0124,LIN013,FAC005,CNC Lathe,DMG Mori,DMG-525,2012-05-15,14.1,High,285,68,80,1600,2200,2.7,0.0788,Active
MCH0125,LIN008,FAC003,Injection Molding,Husky,HUS-919,2011-02-23,15.3,Medium,166,55,75,1200,1900,3.0,0.0571,Standby
MCH0126,LIN009,FAC003,Industrial Furnace,Thermax,THE-137,2011-11-24,14.6,Medium,191,350,520,0,0,1.5,0.0551,Standby
MCH0127,LIN004,FAC002,Packaging Line,Krones,KRO-464,2022-05-01,4.2,High,435,40,65,700,1300,2.0,0.0515,Under Maintenance
MCH0128,LIN027,FAC009,CNC Milling,Makino,MAK-593,2014-04-06,12.2,High,104,72,85,1800,2400,2.8,0.0736,Active
MCH0129,LIN003,FAC001,Hydraulic Press,Schuler,SCH-309,2024-08-15,1.9,Low,83,60,78,800,1400,3.2,0.0202,Active
MCH0130,LIN020,FAC007,CNC Milling,Makino,MAK-173,2020-07-28,5.9,Critical,438,72,85,1800,2400,2.8,0.0562,Standby
MCH0131,LIN006,FAC002,Injection Molding,Husky,HUS-654,2021-02-09,5.4,High,260,55,75,1200,1900,3.0,0.0549,Active
MCH0132,LIN018,FAC006,Grinding Machine,Bosch Rexroth,BOS-132,2020-05-29,6.1,Low,87,65,82,1500,2300,3.4,0.0318,Under Maintenance
MCH0133,LIN013,FAC005,CNC Lathe,DMG Mori,DMG-282,2019-11-23,6.6,High,167,68,80,1600,2200,2.7,0.0582,Active
MCH0134,LIN006,FAC002,Injection Molding,Husky,HUS-509,2021-04-28,5.2,High,222,55,75,1200,1900,3.0,0.0543,Active
MCH0135,LIN015,FAC005,CNC Lathe,DMG Mori,DMG-865,2010-06-05,16.1,Medium,465,68,80,1600,2200,2.7,0.0593,Active
MCH0136,LIN019,FAC007,Injection Molding,Husky,HUS-252,2020-08-21,5.9,Critical,431,55,75,1200,1900,3.0,0.0562,Active
MCH0137,LIN006,FAC002,Packaging Line,Krones,KRO-101,2022-05-04,4.2,Low,496,40,65,700,1300,2.0,0.0266,Under Maintenance
MCH0138,LIN003,FAC001,Packaging Line,Krones,KRO-680,2024-02-11,2.4,Medium,253,40,65,700,1300,2.0,0.0216,Standby
MCH0139,LIN012,FAC004,CNC Lathe,DMG Mori,DMG-358,2023-04-06,3.2,Low,201,68,80,1600,2200,2.7,0.0238,Active
MCH0140,LIN013,FAC005,Injection Molding,Husky,HUS-690,2016-10-24,9.7,High,428,55,75,1200,1900,3.0,0.0667,Standby
MCH0141,LIN006,FAC002,Assembly Robot,ABB,ABB-129,2021-12-01,4.6,Low,255,45,70,1400,2100,2.2,0.0277,Active
MCH0142,LIN023,FAC008,Packaging Line,Krones,KRO-780,2023-03-26,3.3,Low,321,40,65,700,1300,2.0,0.0241,Active
MCH0143,LIN020,FAC007,Packaging Line,Krones,KRO-104,2012-07-15,14.0,Low,393,40,65,700,1300,2.0,0.0535,Standby
MCH0144,LIN010,FAC004,Hydraulic Press,Schuler,SCH-120,2019-02-22,7.4,Critical,307,60,78,800,1400,3.2,0.0604,Standby
MCH0145,LIN010,FAC004,Hydraulic Press,Schuler,SCH-105,2018-07-20,7.9,High,307,60,78,800,1400,3.2,0.0617,Standby
MCH0146,LIN004,FAC002,CNC Lathe,DMG Mori,DMG-554,2015-02-07,11.4,High,494,68,80,1600,2200,2.7,0.0713,Active
MCH0147,LIN028,FAC010,Grinding Machine,Bosch Rexroth,BOS-554,2016-02-21,10.4,Medium,452,65,82,1500,2300,3.4,0.0436,Active
MCH0148,LIN009,FAC003,Packaging Line,Krones,KRO-403,2023-12-14,2.5,Medium,240,40,65,700,1300,2.0,0.0219,Active
MCH0149,LIN004,FAC002,CNC Milling,Makino,MAK-815,2014-08-03,11.9,Medium,230,72,85,1800,2400,2.8,0.0477,Under Maintenance
MCH0150,LIN008,FAC003,Industrial Furnace,Thermax,THE-335,2013-09-20,12.8,High,277,350,520,0,0,1.5,0.0752,Active
MCH0151,LIN020,FAC007,Industrial Furnace,Thermax,THE-312,2024-06-16,2.0,High,395,350,520,0,0,1.5,0.0455,Standby
MCH0152,LIN010,FAC004,Grinding Machine,Bosch Rexroth,BOS-563,2015-11-30,10.6,Medium,204,65,82,1500,2300,3.4,0.0442,Active
MCH0153,LIN017,FAC006,Assembly Robot,ABB,ABB-944,2010-11-03,15.7,High,180,45,70,1400,2100,2.2,0.0832,Active
MCH0154,LIN006,FAC002,Grinding Machine,Bosch Rexroth,BOS-484,2023-01-08,3.5,Medium,405,65,82,1500,2300,3.4,0.0246,Under Maintenance
MCH0155,LIN022,FAC008,CNC Milling,Makino,MAK-137,2023-09-22,2.8,Medium,489,72,85,1800,2400,2.8,0.0227,Standby
MCH0156,LIN017,FAC006,Industrial Furnace,Thermax,THE-523,2022-08-08,3.9,Medium,195,350,520,0,0,1.5,0.0257,Standby
MCH0157,LIN029,FAC010,Assembly Robot,ABB,ABB-729,2024-11-29,1.6,High,339,45,70,1400,2100,2.2,0.0444,Active
MCH0158,LIN027,FAC009,Industrial Furnace,Thermax,THE-113,2018-09-27,7.8,High,295,350,520,0,0,1.5,0.0614,Standby
MCH0159,LIN014,FAC005,Grinding Machine,Bosch Rexroth,BOS-472,2023-12-21,2.5,Critical,489,65,82,1500,2300,3.4,0.0469,Active
MCH0160,LIN018,FAC006,Grinding Machine,Bosch Rexroth,BOS-985,2017-12-28,8.5,High,94,65,82,1500,2300,3.4,0.0634,Active
MCH0161,LIN008,FAC003,Injection Molding,Husky,HUS-503,2013-12-03,12.6,Medium,322,55,75,1200,1900,3.0,0.0496,Active
MCH0162,LIN014,FAC005,Injection Molding,Husky,HUS-186,2018-05-22,8.1,Low,131,55,75,1200,1900,3.0,0.0373,Active
MCH0163,LIN007,FAC003,Grinding Machine,Bosch Rexroth,BOS-455,2012-10-05,13.7,Medium,405,65,82,1500,2300,3.4,0.0527,Standby
MCH0164,LIN029,FAC010,CNC Lathe,DMG Mori,DMG-418,2019-05-04,7.2,Medium,81,68,80,1600,2200,2.7,0.0348,Active
MCH0165,LIN029,FAC010,CNC Lathe,DMG Mori,DMG-571,2017-08-31,8.8,High,401,68,80,1600,2200,2.7,0.0642,Under Maintenance
MCH0166,LIN004,FAC002,CNC Lathe,DMG Mori,DMG-667,2014-04-12,12.2,Critical,328,68,80,1600,2200,2.7,0.0736,Active
MCH0167,LIN020,FAC007,Hydraulic Press,Schuler,SCH-342,2012-10-17,13.7,Low,156,60,78,800,1400,3.2,0.0527,Under Maintenance
MCH0168,LIN015,FAC005,CNC Lathe,DMG Mori,DMG-533,2022-05-09,4.1,High,465,68,80,1600,2200,2.7,0.0513,Active
MCH0169,LIN003,FAC001,CNC Milling,Makino,MAK-164,2020-05-27,6.1,Medium,306,72,85,1800,2400,2.8,0.0318,Under Maintenance
MCH0170,LIN002,FAC001,Packaging Line,Krones,KRO-200,2020-08-31,5.8,Medium,104,40,65,700,1300,2.0,0.0309,Under Maintenance
MCH0171,LIN006,FAC002,Grinding Machine,Bosch Rexroth,BOS-829,2024-05-12,2.1,Low,359,65,82,1500,2300,3.4,0.0208,Standby
MCH0172,LIN008,FAC003,Grinding Machine,Bosch Rexroth,BOS-272,2012-06-11,14.1,Medium,85,65,82,1500,2300,3.4,0.0538,Active
MCH0173,LIN020,FAC007,Assembly Robot,ABB,ABB-545,2015-10-16,10.7,High,482,45,70,1400,2100,2.2,0.0694,Active
MCH0174,LIN023,FAC008,Injection Molding,Husky,HUS-177,2018-03-09,8.3,Critical,290,55,75,1200,1900,3.0,0.0628,Active
MCH0175,LIN019,FAC007,Assembly Robot,ABB,ABB-729,2017-02-27,9.3,Medium,376,45,70,1400,2100,2.2,0.0406,Active
MCH0176,LIN008,FAC003,Hydraulic Press,Schuler,SCH-134,2021-10-31,4.7,Medium,364,60,78,800,1400,3.2,0.0279,Standby
MCH0177,LIN009,FAC003,Packaging Line,Krones,KRO-972,2016-07-04,10.0,Medium,213,40,65,700,1300,2.0,0.0425,Active
MCH0178,LIN023,FAC008,Packaging Line,Krones,KRO-629,2013-08-28,12.8,Medium,238,40,65,700,1300,2.0,0.0502,Active
MCH0179,LIN010,FAC004,CNC Lathe,DMG Mori,DMG-302,2023-08-08,2.9,Medium,387,68,80,1600,2200,2.7,0.023,Standby
MCH0180,LIN011,FAC004,Industrial Furnace,Thermax,THE-444,2024-04-22,2.2,Medium,287,350,520,0,0,1.5,0.021,Under Maintenance
MCH0181,LIN020,FAC007,Packaging Line,Krones,KRO-209,2023-08-27,2.8,Medium,270,40,65,700,1300,2.0,0.0227,Under Maintenance
MCH0182,LIN025,FAC009,Packaging Line,Krones,KRO-486,2023-02-09,3.4,Medium,263,40,65,700,1300,2.0,0.0243,Active
MCH0183,LIN025,FAC009,Industrial Furnace,Thermax,THE-911,2018-08-31,7.8,High,208,350,520,0,0,1.5,0.0614,Under Maintenance
MCH0184,LIN001,FAC001,Industrial Furnace,Thermax,THE-717,2019-04-10,7.2,Medium,91,350,520,0,0,1.5,0.0348,Active
MCH0185,LIN018,FAC006,CNC Milling,Makino,MAK-542,2012-08-09,13.9,High,213,72,85,1800,2400,2.8,0.0782,Under Maintenance
MCH0186,LIN010,FAC004,Assembly Robot,ABB,ABB-159,2010-01-19,16.4,Medium,119,45,70,1400,2100,2.2,0.0601,Active
MCH0187,LIN006,FAC002,CNC Milling,Makino,MAK-733,2018-03-27,8.3,Critical,356,72,85,1800,2400,2.8,0.0628,Under Maintenance
MCH0188,LIN004,FAC002,CNC Milling,Makino,MAK-995,2016-06-26,10.0,Medium,294,72,85,1800,2400,2.8,0.0425,Active
MCH0189,LIN004,FAC002,CNC Lathe,DMG Mori,DMG-173,2012-05-09,14.1,High,381,68,80,1600,2200,2.7,0.0788,Under Maintenance
MCH0190,LIN002,FAC001,Hydraulic Press,Schuler,SCH-675,2019-11-21,6.6,Critical,456,60,78,800,1400,3.2,0.0582,Active
MCH0191,LIN025,FAC009,Assembly Robot,ABB,ABB-670,2019-03-05,7.3,Critical,426,45,70,1400,2100,2.2,0.0601,Under Maintenance
MCH0192,LIN007,FAC003,CNC Milling,Makino,MAK-373,2019-04-20,7.2,Medium,407,72,85,1800,2400,2.8,0.0348,Standby
MCH0193,LIN006,FAC002,Grinding Machine,Bosch Rexroth,BOS-687,2011-02-04,15.4,Low,291,65,82,1500,2300,3.4,0.0573,Under Maintenance
MCH0194,LIN015,FAC005,Hydraulic Press,Schuler,SCH-899,2010-01-07,16.5,Medium,128,60,78,800,1400,3.2,0.0604,Active
MCH0195,LIN014,FAC005,Injection Molding,Husky,HUS-573,2016-01-19,10.4,Critical,348,55,75,1200,1900,3.0,0.0686,Standby
MCH0196,LIN005,FAC002,Injection Molding,Husky,HUS-920,2017-03-17,9.3,Medium,433,55,75,1200,1900,3.0,0.0406,Active
MCH0197,LIN001,FAC001,CNC Lathe,DMG Mori,DMG-178,2014-05-03,12.2,Medium,264,68,80,1600,2200,2.7,0.0485,Under Maintenance
MCH0198,LIN003,FAC001,CNC Milling,Makino,MAK-194,2018-03-26,8.3,High,221,72,85,1800,2400,2.8,0.0628,Standby
MCH0199,LIN008,FAC003,Injection Molding,Husky,HUS-410,2017-08-18,8.9,Medium,355,55,75,1200,1900,3.0,0.0395,Standby
MCH0200,LIN004,FAC002,CNC Lathe,DMG Mori,DMG-456,2015-01-19,11.4,Medium,482,68,80,1600,2200,2.7,0.0464,Active
MCH0201,LIN006,FAC002,Hydraulic Press,Schuler,SCH-799,2014-05-10,12.1,High,141,60,78,800,1400,3.2,0.0733,Under Maintenance
MCH0202,LIN009,FAC003,Packaging Line,Krones,KRO-878,2018-02-22,8.4,Medium,171,40,65,700,1300,2.0,0.0381,Active
MCH0203,LIN016,FAC006,CNC Lathe,DMG Mori,DMG-738,2024-05-07,2.1,High,226,68,80,1600,2200,2.7,0.0458,Standby
MCH0204,LIN002,FAC001,Industrial Furnace,Thermax,THE-585,2015-01-29,11.4,High,405,350,520,0,0,1.5,0.0713,Active
MCH0205,LIN030,FAC010,Assembly Robot,ABB,ABB-502,2013-05-28,13.1,Medium,484,45,70,1400,2100,2.2,0.051,Active
MCH0206,LIN007,FAC003,Assembly Robot,ABB,ABB-794,2012-10-09,13.7,Medium,500,45,70,1400,2100,2.2,0.0527,Under Maintenance
MCH0207,LIN003,FAC001,Packaging Line,Krones,KRO-234,2017-02-03,9.4,Medium,439,40,65,700,1300,2.0,0.0408,Active
MCH0208,LIN030,FAC010,CNC Lathe,DMG Mori,DMG-192,2016-07-12,10.0,High,183,68,80,1600,2200,2.7,0.0675,Active
MCH0209,LIN030,FAC010,CNC Milling,Makino,MAK-306,2010-09-04,15.8,Critical,94,72,85,1800,2400,2.8,0.0834,Active
MCH0210,LIN004,FAC002,Assembly Robot,ABB,ABB-958,2021-03-11,5.3,Critical,290,45,70,1400,2100,2.2,0.0546,Active
MCH0211,LIN018,FAC006,Injection Molding,Husky,HUS-792,2010-12-17,15.5,Medium,374,55,75,1200,1900,3.0,0.0576,Under Maintenance
MCH0212,LIN030,FAC010,Packaging Line,Krones,KRO-766,2019-08-15,6.9,Low,255,40,65,700,1300,2.0,0.034,Active
MCH0213,LIN007,FAC003,Assembly Robot,ABB,ABB-452,2022-06-12,4.0,High,488,45,70,1400,2100,2.2,0.051,Under Maintenance
MCH0214,LIN018,FAC006,CNC Lathe,DMG Mori,DMG-876,2024-04-10,2.2,High,483,68,80,1600,2200,2.7,0.0461,Active
MCH0215,LIN014,FAC005,Packaging Line,Krones,KRO-140,2011-03-05,15.3,High,321,40,65,700,1300,2.0,0.0821,Active
MCH0216,LIN028,FAC010,Packaging Line,Krones,KRO-760,2019-01-18,7.4,Medium,262,40,65,700,1300,2.0,0.0353,Active
MCH0217,LIN009,FAC003,CNC Lathe,DMG Mori,DMG-760,2015-06-14,11.0,Medium,186,68,80,1600,2200,2.7,0.0452,Active
MCH0218,LIN007,FAC003,Packaging Line,Krones,KRO-857,2010-03-15,16.3,Medium,350,40,65,700,1300,2.0,0.0598,Under Maintenance
MCH0219,LIN012,FAC004,Hydraulic Press,Schuler,SCH-758,2018-10-31,7.7,Critical,147,60,78,800,1400,3.2,0.0612,Active
MCH0220,LIN023,FAC008,Assembly Robot,ABB,ABB-541,2014-01-09,12.5,Medium,226,45,70,1400,2100,2.2,0.0494,Under Maintenance
MCH0221,LIN027,FAC009,Grinding Machine,Bosch Rexroth,BOS-191,2022-06-23,4.0,Medium,283,65,82,1500,2300,3.4,0.026,Under Maintenance
MCH0222,LIN028,FAC010,Industrial Furnace,Thermax,THE-856,2014-10-29,11.7,High,385,350,520,0,0,1.5,0.0722,Standby
MCH0223,LIN025,FAC009,Packaging Line,Krones,KRO-831,2015-11-15,10.6,High,202,40,65,700,1300,2.0,0.0692,Active
MCH0224,LIN018,FAC006,CNC Lathe,DMG Mori,DMG-291,2014-05-13,12.1,High,120,68,80,1600,2200,2.7,0.0733,Under Maintenance
MCH0225,LIN006,FAC002,Injection Molding,Husky,HUS-737,2015-01-22,11.4,Critical,288,55,75,1200,1900,3.0,0.0713,Under Maintenance
MCH0226,LIN027,FAC009,Packaging Line,Krones,KRO-974,2010-12-18,15.5,Critical,448,40,65,700,1300,2.0,0.0826,Active
MCH0227,LIN023,FAC008,CNC Lathe,DMG Mori,DMG-953,2024-02-24,2.3,Low,478,68,80,1600,2200,2.7,0.0213,Under Maintenance
MCH0228,LIN011,FAC004,CNC Lathe,DMG Mori,DMG-623,2018-09-11,7.8,Critical,300,68,80,1600,2200,2.7,0.0614,Active
MCH0229,LIN014,FAC005,CNC Lathe,DMG Mori,DMG-386,2012-09-07,13.8,High,141,68,80,1600,2200,2.7,0.078,Active
MCH0230,LIN017,FAC006,Hydraulic Press,Schuler,SCH-929,2015-07-18,11.0,Critical,375,60,78,800,1400,3.2,0.0703,Active
MCH0231,LIN008,FAC003,Assembly Robot,ABB,ABB-113,2023-10-11,2.7,High,427,45,70,1400,2100,2.2,0.0474,Active
MCH0232,LIN030,FAC010,Hydraulic Press,Schuler,SCH-894,2022-09-09,3.8,Critical,326,60,78,800,1400,3.2,0.0505,Active
MCH0233,LIN015,FAC005,CNC Lathe,DMG Mori,DMG-923,2022-04-29,4.2,Medium,216,68,80,1600,2200,2.7,0.0266,Under Maintenance
MCH0234,LIN001,FAC001,Hydraulic Press,Schuler,SCH-732,2018-10-07,7.7,Critical,269,60,78,800,1400,3.2,0.0612,Under Maintenance
MCH0235,LIN025,FAC009,CNC Milling,Makino,MAK-156,2022-07-17,4.0,Low,88,72,85,1800,2400,2.8,0.026,Active
MCH0236,LIN021,FAC007,Industrial Furnace,Thermax,THE-121,2024-03-27,2.3,Medium,330,350,520,0,0,1.5,0.0213,Active
MCH0237,LIN025,FAC009,CNC Milling,Makino,MAK-554,2023-04-23,3.2,Critical,473,72,85,1800,2400,2.8,0.0488,Active
MCH0238,LIN007,FAC003,Hydraulic Press,Schuler,SCH-324,2021-01-19,5.4,Medium,99,60,78,800,1400,3.2,0.0299,Active
MCH0239,LIN015,FAC005,CNC Milling,Makino,MAK-637,2014-06-22,12.0,Low,337,72,85,1800,2400,2.8,0.048,Under Maintenance
MCH0240,LIN015,FAC005,CNC Lathe,DMG Mori,DMG-509,2019-06-07,7.1,Critical,119,68,80,1600,2200,2.7,0.0595,Active
MCH0241,LIN010,FAC004,Grinding Machine,Bosch Rexroth,BOS-182,2015-05-07,11.1,Medium,82,65,82,1500,2300,3.4,0.0455,Active
MCH0242,LIN001,FAC001,Injection Molding,Husky,HUS-139,2021-06-23,5.0,Medium,105,55,75,1200,1900,3.0,0.0287,Active
MCH0243,LIN001,FAC001,Injection Molding,Husky,HUS-416,2010-01-29,16.4,Critical,165,55,75,1200,1900,3.0,0.0851,Under Maintenance
MCH0244,LIN007,FAC003,Packaging Line,Krones,KRO-604,2011-12-10,14.6,Critical,130,40,65,700,1300,2.0,0.0801,Active
MCH0245,LIN030,FAC010,Industrial Furnace,Thermax,THE-350,2013-12-31,12.5,High,102,350,520,0,0,1.5,0.0744,Active
MCH0246,LIN029,FAC010,Hydraulic Press,Schuler,SCH-623,2019-05-23,7.1,Medium,440,60,78,800,1400,3.2,0.0345,Active
MCH0247,LIN026,FAC009,Hydraulic Press,Schuler,SCH-560,2023-07-05,3.0,High,322,60,78,800,1400,3.2,0.0483,Active
MCH0248,LIN028,FAC010,Industrial Furnace,Thermax,THE-277,2021-03-10,5.3,High,379,350,520,0,0,1.5,0.0546,Standby
MCH0249,LIN006,FAC002,Injection Molding,Husky,HUS-169,2023-05-04,3.2,High,456,55,75,1200,1900,3.0,0.0488,Active
MCH0250,LIN007,FAC003,Packaging Line,Krones,KRO-598,2011-05-19,15.1,High,430,40,65,700,1300,2.0,0.0815,Active
MCH0251,LIN017,FAC006,Grinding Machine,Bosch Rexroth,BOS-995,2012-10-04,13.7,Medium,141,65,82,1500,2300,3.4,0.0527,Active
MCH0252,LIN027,FAC009,CNC Lathe,DMG Mori,DMG-123,2016-07-20,9.9,Critical,420,68,80,1600,2200,2.7,0.0672,Under Maintenance
MCH0253,LIN016,FAC006,Industrial Furnace,Thermax,THE-421,2017-01-16,9.5,Medium,108,350,520,0,0,1.5,0.0411,Under Maintenance
MCH0254,LIN013,FAC005,Injection Molding,Husky,HUS-610,2017-05-25,9.1,Low,292,55,75,1200,1900,3.0,0.04,Standby
MCH0255,LIN005,FAC002,Industrial Furnace,Thermax,THE-360,2023-01-18,3.4,Medium,360,350,520,0,0,1.5,0.0243,Active
MCH0256,LIN005,FAC002,Assembly Robot,ABB,ABB-800,2012-08-30,13.8,Medium,428,45,70,1400,2100,2.2,0.053,Active
MCH0257,LIN013,FAC005,Assembly Robot,ABB,ABB-867,2015-01-11,11.5,High,288,45,70,1400,2100,2.2,0.0716,Under Maintenance
MCH0258,LIN026,FAC009,Hydraulic Press,Schuler,SCH-686,2021-08-05,4.9,High,92,60,78,800,1400,3.2,0.0535,Standby
MCH0259,LIN026,FAC009,Hydraulic Press,Schuler,SCH-832,2010-05-02,16.2,High,148,60,78,800,1400,3.2,0.0846,Active
MCH0260,LIN005,FAC002,Hydraulic Press,Schuler,SCH-239,2010-08-10,15.9,High,286,60,78,800,1400,3.2,0.0837,Active
MCH0261,LIN017,FAC006,Injection Molding,Husky,HUS-125,2020-06-23,6.0,High,481,55,75,1200,1900,3.0,0.0565,Standby
MCH0262,LIN021,FAC007,Industrial Furnace,Thermax,THE-998,2010-12-28,15.5,Medium,411,350,520,0,0,1.5,0.0576,Active
MCH0263,LIN018,FAC006,Packaging Line,Krones,KRO-420,2010-03-31,16.2,Medium,141,40,65,700,1300,2.0,0.0595,Under Maintenance
MCH0264,LIN030,FAC010,CNC Milling,Makino,MAK-867,2012-05-12,14.1,Medium,400,72,85,1800,2400,2.8,0.0538,Active
MCH0265,LIN011,FAC004,Hydraulic Press,Schuler,SCH-862,2018-08-13,7.9,High,303,60,78,800,1400,3.2,0.0617,Active
MCH0266,LIN021,FAC007,Packaging Line,Krones,KRO-923,2021-10-18,4.7,Critical,151,40,65,700,1300,2.0,0.0529,Under Maintenance
MCH0267,LIN013,FAC005,CNC Milling,Makino,MAK-197,2024-06-03,2.1,Medium,432,72,85,1800,2400,2.8,0.0208,Standby
MCH0268,LIN013,FAC005,CNC Lathe,DMG Mori,DMG-641,2013-12-03,12.6,Low,256,68,80,1600,2200,2.7,0.0496,Under Maintenance
MCH0269,LIN002,FAC001,Packaging Line,Krones,KRO-231,2010-12-09,15.6,Low,189,40,65,700,1300,2.0,0.0579,Standby
MCH0270,LIN013,FAC005,Grinding Machine,Bosch Rexroth,BOS-309,2023-06-28,3.0,Critical,213,65,82,1500,2300,3.4,0.0483,Active
MCH0271,LIN005,FAC002,Packaging Line,Krones,KRO-991,2016-08-18,9.9,High,243,40,65,700,1300,2.0,0.0672,Active
MCH0272,LIN002,FAC001,CNC Lathe,DMG Mori,DMG-864,2014-07-08,12.0,High,265,68,80,1600,2200,2.7,0.073,Active
MCH0273,LIN002,FAC001,CNC Milling,Makino,MAK-836,2019-10-11,6.7,Medium,328,72,85,1800,2400,2.8,0.0334,Active
MCH0274,LIN024,FAC008,Packaging Line,Krones,KRO-226,2011-08-18,14.9,Critical,166,40,65,700,1300,2.0,0.081,Active
MCH0275,LIN008,FAC003,Injection Molding,Husky,HUS-527,2024-02-17,2.4,Medium,253,55,75,1200,1900,3.0,0.0216,Standby
MCH0276,LIN012,FAC004,CNC Milling,Makino,MAK-771,2023-05-03,3.2,High,288,72,85,1800,2400,2.8,0.0488,Standby
MCH0277,LIN001,FAC001,CNC Lathe,DMG Mori,DMG-210,2017-04-14,9.2,Medium,278,68,80,1600,2200,2.7,0.0403,Active
MCH0278,LIN002,FAC001,Injection Molding,Husky,HUS-248,2024-01-28,2.4,Critical,170,55,75,1200,1900,3.0,0.0466,Active
MCH0279,LIN001,FAC001,Hydraulic Press,Schuler,SCH-262,2012-06-09,14.1,Medium,80,60,78,800,1400,3.2,0.0538,Active
MCH0280,LIN023,FAC008,CNC Lathe,DMG Mori,DMG-240,2011-11-21,14.6,Medium,387,68,80,1600,2200,2.7,0.0551,Active
MCH0281,LIN027,FAC009,CNC Lathe,DMG Mori,DMG-395,2021-06-11,5.1,Critical,139,68,80,1600,2200,2.7,0.054,Standby
MCH0282,LIN001,FAC001,Hydraulic Press,Schuler,SCH-512,2014-10-21,11.7,Critical,457,60,78,800,1400,3.2,0.0722,Active
MCH0283,LIN027,FAC009,Injection Molding,Husky,HUS-849,2018-05-30,8.1,High,138,55,75,1200,1900,3.0,0.0623,Active
MCH0284,LIN006,FAC002,Hydraulic Press,Schuler,SCH-921,2014-11-06,11.6,High,347,60,78,800,1400,3.2,0.0719,Under Maintenance
MCH0285,LIN007,FAC003,Packaging Line,Krones,KRO-505,2021-12-09,4.6,Medium,103,40,65,700,1300,2.0,0.0277,Active
MCH0286,LIN023,FAC008,CNC Milling,Makino,MAK-275,2018-01-24,8.4,Medium,226,72,85,1800,2400,2.8,0.0381,Under Maintenance
MCH0287,LIN017,FAC006,Industrial Furnace,Thermax,THE-362,2016-06-08,10.1,High,151,350,520,0,0,1.5,0.0678,Under Maintenance
MCH0288,LIN014,FAC005,Assembly Robot,ABB,ABB-260,2011-08-01,14.9,High,394,45,70,1400,2100,2.2,0.081,Under Maintenance
MCH0289,LIN010,FAC004,Assembly Robot,ABB,ABB-510,2024-03-10,2.3,Medium,100,45,70,1400,2100,2.2,0.0213,Active
MCH0290,LIN027,FAC009,Packaging Line,Krones,KRO-333,2011-12-24,14.5,Medium,280,40,65,700,1300,2.0,0.0549,Active
MCH0291,LIN022,FAC008,Industrial Furnace,Thermax,THE-688,2017-08-21,8.9,Low,281,350,520,0,0,1.5,0.0395,Active
MCH0292,LIN015,FAC005,CNC Milling,Makino,MAK-445,2022-10-21,3.7,Medium,298,72,85,1800,2400,2.8,0.0252,Active
MCH0293,LIN023,FAC008,Injection Molding,Husky,HUS-576,2015-02-14,11.4,Medium,483,55,75,1200,1900,3.0,0.0464,Standby
MCH0294,LIN006,FAC002,Grinding Machine,Bosch Rexroth,BOS-575,2022-03-13,4.3,High,135,65,82,1500,2300,3.4,0.0518,Active
MCH0295,LIN020,FAC007,Grinding Machine,Bosch Rexroth,BOS-509,2016-04-23,10.2,Medium,386,65,82,1500,2300,3.4,0.0431,Active
MCH0296,LIN026,FAC009,CNC Milling,Makino,MAK-127,2015-06-23,11.0,Medium,240,72,85,1800,2400,2.8,0.0452,Under Maintenance
MCH0297,LIN018,FAC006,Injection Molding,Husky,HUS-498,2012-11-10,13.6,High,427,55,75,1200,1900,3.0,0.0774,Active
MCH0298,LIN016,FAC006,Industrial Furnace,Thermax,THE-490,2018-09-20,7.8,Medium,261,350,520,0,0,1.5,0.0364,Active
MCH0299,LIN014,FAC005,Assembly Robot,ABB,ABB-675,2022-04-02,4.2,Low,348,45,70,1400,2100,2.2,0.0266,Active
MCH0300,LIN002,FAC001,Injection Molding,Husky,HUS-925,2022-11-05,3.6,Medium,172,55,75,1200,1900,3.0,0.0249,Active
MCH0301,LIN019,FAC007,Packaging Line,Krones,KRO-354,2019-03-12,7.3,High,451,40,65,700,1300,2.0,0.0601,Standby
MCH0302,LIN016,FAC006,CNC Lathe,DMG Mori,DMG-897,2012-07-09,14.0,Low,371,68,80,1600,2200,2.7,0.0535,Standby
MCH0303,LIN020,FAC007,Packaging Line,Krones,KRO-130,2019-02-22,7.4,High,170,40,65,700,1300,2.0,0.0604,Standby
MCH0304,LIN026,FAC009,Hydraulic Press,Schuler,SCH-973,2013-10-01,12.7,High,332,60,78,800,1400,3.2,0.0749,Active
MCH0305,LIN003,FAC001,Grinding Machine,Bosch Rexroth,BOS-732,2023-10-31,2.7,Medium,346,65,82,1500,2300,3.4,0.0224,Active
MCH0306,LIN010,FAC004,Hydraulic Press,Schuler,SCH-152,2021-03-05,5.3,Medium,439,60,78,800,1400,3.2,0.0296,Under Maintenance
MCH0307,LIN024,FAC008,Hydraulic Press,Schuler,SCH-322,2016-03-15,10.3,High,112,60,78,800,1400,3.2,0.0683,Under Maintenance
MCH0308,LIN025,FAC009,Packaging Line,Krones,KRO-922,2016-02-16,10.4,Medium,277,40,65,700,1300,2.0,0.0436,Active
MCH0309,LIN007,FAC003,Hydraulic Press,Schuler,SCH-542,2024-02-01,2.4,Medium,437,60,78,800,1400,3.2,0.0216,Under Maintenance
MCH0310,LIN029,FAC010,Packaging Line,Krones,KRO-186,2020-01-16,6.5,High,226,40,65,700,1300,2.0,0.0579,Active
MCH0311,LIN023,FAC008,Industrial Furnace,Thermax,THE-877,2014-11-04,11.7,High,228,350,520,0,0,1.5,0.0722,Active
MCH0312,LIN015,FAC005,Grinding Machine,Bosch Rexroth,BOS-459,2019-11-08,6.6,Medium,168,65,82,1500,2300,3.4,0.0331,Active
MCH0313,LIN018,FAC006,CNC Milling,Makino,MAK-174,2014-09-17,11.8,Medium,145,72,85,1800,2400,2.8,0.0475,Under Maintenance
MCH0314,LIN023,FAC008,Grinding Machine,Bosch Rexroth,BOS-704,2021-06-10,5.1,Medium,160,65,82,1500,2300,3.4,0.029,Active
MCH0315,LIN015,FAC005,CNC Lathe,DMG Mori,DMG-888,2014-12-08,11.6,High,140,68,80,1600,2200,2.7,0.0719,Active
MCH0316,LIN029,FAC010,Assembly Robot,ABB,ABB-780,2020-12-18,5.5,Low,94,45,70,1400,2100,2.2,0.0301,Active
MCH0317,LIN021,FAC007,Industrial Furnace,Thermax,THE-157,2013-05-09,13.1,High,331,350,520,0,0,1.5,0.076,Active
MCH0318,LIN006,FAC002,Industrial Furnace,Thermax,THE-607,2018-08-23,7.9,Critical,371,350,520,0,0,1.5,0.0617,Standby
MCH0319,LIN007,FAC003,Packaging Line,Krones,KRO-513,2012-03-09,14.3,Medium,191,40,65,700,1300,2.0,0.0543,Active
MCH0320,LIN011,FAC004,Hydraulic Press,Schuler,SCH-135,2019-08-23,6.9,High,442,60,78,800,1400,3.2,0.059,Under Maintenance
MCH0321,LIN029,FAC010,Assembly Robot,ABB,ABB-978,2017-01-20,9.4,Low,116,45,70,1400,2100,2.2,0.0408,Active
MCH0322,LIN010,FAC004,Industrial Furnace,Thermax,THE-393,2023-09-22,2.8,Critical,290,350,520,0,0,1.5,0.0477,Active
MCH0323,LIN027,FAC009,Grinding Machine,Bosch Rexroth,BOS-645,2018-02-03,8.4,High,225,65,82,1500,2300,3.4,0.0631,Active
MCH0324,LIN024,FAC008,CNC Milling,Makino,MAK-374,2010-08-18,15.9,Medium,444,72,85,1800,2400,2.8,0.0587,Standby
MCH0325,LIN011,FAC004,CNC Lathe,DMG Mori,DMG-100,2016-05-17,10.1,High,137,68,80,1600,2200,2.7,0.0678,Active
MCH0326,LIN026,FAC009,Injection Molding,Husky,HUS-481,2011-06-09,15.1,High,299,55,75,1200,1900,3.0,0.0815,Active
MCH0327,LIN009,FAC003,CNC Milling,Makino,MAK-302,2022-06-07,4.1,High,317,72,85,1800,2400,2.8,0.0513,Standby
MCH0328,LIN024,FAC008,CNC Lathe,DMG Mori,DMG-758,2023-08-30,2.8,Medium,478,68,80,1600,2200,2.7,0.0227,Standby
MCH0329,LIN014,FAC005,CNC Lathe,DMG Mori,DMG-217,2010-05-07,16.1,Low,374,68,80,1600,2200,2.7,0.0593,Active
MCH0330,LIN023,FAC008,Assembly Robot,ABB,ABB-166,2015-11-25,10.6,Medium,267,45,70,1400,2100,2.2,0.0442,Active
MCH0331,LIN012,FAC004,Packaging Line,Krones,KRO-353,2017-10-26,8.7,High,396,40,65,700,1300,2.0,0.0639,Active
MCH0332,LIN025,FAC009,CNC Lathe,DMG Mori,DMG-459,2011-02-11,15.4,High,228,68,80,1600,2200,2.7,0.0824,Standby
MCH0333,LIN028,FAC010,CNC Milling,Makino,MAK-956,2024-01-29,2.4,High,164,72,85,1800,2400,2.8,0.0466,Active
MCH0334,LIN018,FAC006,CNC Milling,Makino,MAK-439,2016-05-10,10.1,High,207,72,85,1800,2400,2.8,0.0678,Active
MCH0335,LIN026,FAC009,Assembly Robot,ABB,ABB-741,2014-01-05,12.5,Medium,197,45,70,1400,2100,2.2,0.0494,Active
MCH0336,LIN021,FAC007,Grinding Machine,Bosch Rexroth,BOS-555,2024-06-26,2.0,High,369,65,82,1500,2300,3.4,0.0455,Active
MCH0337,LIN028,FAC010,CNC Lathe,DMG Mori,DMG-395,2019-05-14,7.1,High,152,68,80,1600,2200,2.7,0.0595,Active
MCH0338,LIN015,FAC005,Assembly Robot,ABB,ABB-620,2015-12-16,10.5,Critical,85,45,70,1400,2100,2.2,0.0689,Active
MCH0339,LIN019,FAC007,Assembly Robot,ABB,ABB-850,2023-08-08,2.9,Medium,273,45,70,1400,2100,2.2,0.023,Active
MCH0340,LIN012,FAC004,Industrial Furnace,Thermax,THE-892,2019-10-23,6.7,High,150,350,520,0,0,1.5,0.0584,Active
MCH0341,LIN006,FAC002,Assembly Robot,ABB,ABB-545,2017-04-01,9.2,Critical,118,45,70,1400,2100,2.2,0.0653,Standby
MCH0342,LIN026,FAC009,Grinding Machine,Bosch Rexroth,BOS-760,2014-10-23,11.7,Medium,256,65,82,1500,2300,3.4,0.0472,Under Maintenance
MCH0343,LIN003,FAC001,Injection Molding,Husky,HUS-470,2018-04-30,8.2,Medium,91,55,75,1200,1900,3.0,0.0376,Under Maintenance
MCH0344,LIN019,FAC007,Assembly Robot,ABB,ABB-495,2013-07-15,13.0,Medium,410,45,70,1400,2100,2.2,0.0508,Standby
MCH0345,LIN018,FAC006,CNC Lathe,DMG Mori,DMG-314,2024-07-02,2.0,Medium,206,68,80,1600,2200,2.7,0.0205,Active
MCH0346,LIN015,FAC005,CNC Lathe,DMG Mori,DMG-128,2016-02-18,10.4,Medium,331,68,80,1600,2200,2.7,0.0436,Active
MCH0347,LIN015,FAC005,Packaging Line,Krones,KRO-789,2019-12-13,6.5,Medium,480,40,65,700,1300,2.0,0.0329,Standby
MCH0348,LIN017,FAC006,Grinding Machine,Bosch Rexroth,BOS-650,2024-08-24,1.8,High,85,65,82,1500,2300,3.4,0.045,Active
MCH0349,LIN024,FAC008,Assembly Robot,ABB,ABB-946,2011-09-07,14.8,Medium,114,45,70,1400,2100,2.2,0.0557,Active
MCH0350,LIN021,FAC007,Assembly Robot,ABB,ABB-952,2011-01-11,15.5,Critical,298,45,70,1400,2100,2.2,0.0826,Standby
MCH0351,LIN021,FAC007,Industrial Furnace,Thermax,THE-207,2019-06-30,7.0,Critical,218,350,520,0,0,1.5,0.0593,Active
MCH0352,LIN027,FAC009,Industrial Furnace,Thermax,THE-877,2016-03-09,10.3,High,136,350,520,0,0,1.5,0.0683,Standby
MCH0353,LIN002,FAC001,Packaging Line,Krones,KRO-644,2017-11-06,8.6,Medium,137,40,65,700,1300,2.0,0.0387,Under Maintenance
MCH0354,LIN005,FAC002,Assembly Robot,ABB,ABB-179,2018-09-13,7.8,Medium,167,45,70,1400,2100,2.2,0.0364,Active
MCH0355,LIN029,FAC010,CNC Milling,Makino,MAK-374,2014-02-28,12.3,Medium,360,72,85,1800,2400,2.8,0.0488,Active
MCH0356,LIN005,FAC002,Industrial Furnace,Thermax,THE-260,2022-05-28,4.1,Low,425,350,520,0,0,1.5,0.0263,Active
MCH0357,LIN029,FAC010,Packaging Line,Krones,KRO-554,2023-10-18,2.7,High,353,40,65,700,1300,2.0,0.0474,Active
MCH0358,LIN027,FAC009,Packaging Line,Krones,KRO-605,2018-07-01,8.0,Medium,341,40,65,700,1300,2.0,0.037,Active
MCH0359,LIN019,FAC007,Grinding Machine,Bosch Rexroth,BOS-708,2024-12-14,1.5,Medium,314,65,82,1500,2300,3.4,0.0191,Standby
MCH0360,LIN028,FAC010,Industrial Furnace,Thermax,THE-521,2017-02-05,9.4,Medium,299,350,520,0,0,1.5,0.0408,Active
MCH0361,LIN024,FAC008,Industrial Furnace,Thermax,THE-398,2018-01-23,8.4,Critical,408,350,520,0,0,1.5,0.0631,Standby
MCH0362,LIN007,FAC003,Grinding Machine,Bosch Rexroth,BOS-659,2020-12-14,5.5,Low,450,65,82,1500,2300,3.4,0.0301,Under Maintenance
MCH0363,LIN017,FAC006,Industrial Furnace,Thermax,THE-291,2014-03-20,12.3,Low,213,350,520,0,0,1.5,0.0488,Active
MCH0364,LIN029,FAC010,Packaging Line,Krones,KRO-366,2011-07-08,15.0,Medium,346,40,65,700,1300,2.0,0.0563,Active
MCH0365,LIN014,FAC005,Assembly Robot,ABB,ABB-242,2010-12-11,15.6,High,86,45,70,1400,2100,2.2,0.0829,Active
MCH0366,LIN019,FAC007,CNC Lathe,DMG Mori,DMG-241,2019-12-08,6.6,Medium,395,68,80,1600,2200,2.7,0.0331,Active
MCH0367,LIN007,FAC003,Industrial Furnace,Thermax,THE-420,2020-03-27,6.3,Medium,351,350,520,0,0,1.5,0.0323,Active
MCH0368,LIN016,FAC006,Packaging Line,Krones,KRO-917,2020-06-22,6.0,Medium,252,40,65,700,1300,2.0,0.0315,Active
MCH0369,LIN012,FAC004,Packaging Line,Krones,KRO-213,2023-03-01,3.3,Low,277,40,65,700,1300,2.0,0.0241,Standby
MCH0370,LIN029,FAC010,Hydraulic Press,Schuler,SCH-853,2023-09-17,2.8,Medium,351,60,78,800,1400,3.2,0.0227,Active
MCH0371,LIN005,FAC002,Packaging Line,Krones,KRO-993,2011-12-30,14.5,Critical,223,40,65,700,1300,2.0,0.0799,Active
MCH0372,LIN025,FAC009,CNC Lathe,DMG Mori,DMG-980,2016-03-02,10.3,Medium,141,68,80,1600,2200,2.7,0.0433,Active
MCH0373,LIN011,FAC004,Injection Molding,Husky,HUS-563,2021-03-11,5.3,High,176,55,75,1200,1900,3.0,0.0546,Under Maintenance
MCH0374,LIN013,FAC005,Packaging Line,Krones,KRO-414,2016-11-12,9.6,Medium,319,40,65,700,1300,2.0,0.0414,Active
MCH0375,LIN005,FAC002,Injection Molding,Husky,HUS-874,2012-01-17,14.5,Medium,218,55,75,1200,1900,3.0,0.0549,Active
MCH0376,LIN005,FAC002,Packaging Line,Krones,KRO-277,2020-09-26,5.8,Low,452,40,65,700,1300,2.0,0.0309,Under Maintenance
MCH0377,LIN009,FAC003,Assembly Robot,ABB,ABB-943,2010-04-22,16.2,Medium,100,45,70,1400,2100,2.2,0.0595,Standby
MCH0378,LIN025,FAC009,Grinding Machine,Bosch Rexroth,BOS-263,2016-04-02,10.2,Medium,238,65,82,1500,2300,3.4,0.0431,Active
MCH0379,LIN027,FAC009,CNC Lathe,DMG Mori,DMG-301,2016-09-22,9.8,High,252,68,80,1600,2200,2.7,0.067,Standby
MCH0380,LIN003,FAC001,Injection Molding,Husky,HUS-396,2021-06-06,5.1,Low,436,55,75,1200,1900,3.0,0.029,Standby
MCH0381,LIN011,FAC004,Packaging Line,Krones,KRO-399,2016-05-02,10.2,Critical,117,40,65,700,1300,2.0,0.068,Active
MCH0382,LIN018,FAC006,Grinding Machine,Bosch Rexroth,BOS-766,2018-11-08,7.6,Medium,321,65,82,1500,2300,3.4,0.0359,Active
MCH0383,LIN005,FAC002,Industrial Furnace,Thermax,THE-837,2013-05-11,13.1,Low,443,350,520,0,0,1.5,0.051,Active
MCH0384,LIN021,FAC007,Hydraulic Press,Schuler,SCH-171,2018-11-14,7.6,Medium,120,60,78,800,1400,3.2,0.0359,Under Maintenance
MCH0385,LIN006,FAC002,Grinding Machine,Bosch Rexroth,BOS-447,2023-12-31,2.5,Critical,357,65,82,1500,2300,3.4,0.0469,Active
MCH0386,LIN012,FAC004,CNC Milling,Makino,MAK-176,2013-12-22,12.5,Medium,104,72,85,1800,2400,2.8,0.0494,Active
MCH0387,LIN005,FAC002,Grinding Machine,Bosch Rexroth,BOS-412,2017-12-09,8.6,High,299,65,82,1500,2300,3.4,0.0637,Active
MCH0388,LIN011,FAC004,Industrial Furnace,Thermax,THE-745,2012-02-04,14.4,Critical,341,350,520,0,0,1.5,0.0796,Active
MCH0389,LIN002,FAC001,CNC Milling,Makino,MAK-169,2024-01-31,2.4,Low,239,72,85,1800,2400,2.8,0.0216,Under Maintenance
MCH0390,LIN011,FAC004,Industrial Furnace,Thermax,THE-282,2017-05-12,9.1,Medium,439,350,520,0,0,1.5,0.04,Active
MCH0391,LIN007,FAC003,Assembly Robot,ABB,ABB-336,2021-09-12,4.8,High,104,45,70,1400,2100,2.2,0.0532,Active
MCH0392,LIN005,FAC002,Grinding Machine,Bosch Rexroth,BOS-923,2017-09-10,8.8,Medium,97,65,82,1500,2300,3.4,0.0392,Standby
MCH0393,LIN019,FAC007,Hydraulic Press,Schuler,SCH-922,2014-12-07,11.6,Medium,216,60,78,800,1400,3.2,0.0469,Active
MCH0394,LIN001,FAC001,Industrial Furnace,Thermax,THE-103,2023-04-14,3.2,High,435,350,520,0,0,1.5,0.0488,Under Maintenance
MCH0395,LIN004,FAC002,Hydraulic Press,Schuler,SCH-478,2013-03-16,13.3,High,246,60,78,800,1400,3.2,0.0766,Active
MCH0396,LIN028,FAC010,Industrial Furnace,Thermax,THE-344,2016-12-25,9.5,High,486,350,520,0,0,1.5,0.0661,Active
MCH0397,LIN010,FAC004,Packaging Line,Krones,KRO-458,2016-01-12,10.5,Medium,120,40,65,700,1300,2.0,0.0439,Standby
MCH0398,LIN029,FAC010,Industrial Furnace,Thermax,THE-294,2018-02-02,8.4,High,456,350,520,0,0,1.5,0.0631,Standby
MCH0399,LIN028,FAC010,Hydraulic Press,Schuler,SCH-653,2023-05-20,3.1,Critical,124,60,78,800,1400,3.2,0.0485,Under Maintenance
MCH0400,LIN002,FAC001,Injection Molding,Husky,HUS-295,2019-02-15,7.4,Low,433,55,75,1200,1900,3.0,0.0353,Standby
MCH0401,LIN015,FAC005,Injection Molding,Husky,HUS-558,2010-04-02,16.2,High,266,55,75,1200,1900,3.0,0.0846,Active
MCH0402,LIN028,FAC010,Grinding Machine,Bosch Rexroth,BOS-605,2021-06-14,5.0,Low,347,65,82,1500,2300,3.4,0.0287,Under Maintenance
MCH0403,LIN002,FAC001,Industrial Furnace,Thermax,THE-923,2012-07-19,13.9,Critical,410,350,520,0,0,1.5,0.0782,Standby
MCH0404,LIN007,FAC003,Packaging Line,Krones,KRO-449,2019-02-08,7.4,Low,202,40,65,700,1300,2.0,0.0353,Standby
MCH0405,LIN026,FAC009,Hydraulic Press,Schuler,SCH-807,2017-09-09,8.8,Medium,201,60,78,800,1400,3.2,0.0392,Under Maintenance
MCH0406,LIN002,FAC001,Packaging Line,Krones,KRO-108,2014-04-24,12.2,Low,371,40,65,700,1300,2.0,0.0485,Active
MCH0407,LIN018,FAC006,Grinding Machine,Bosch Rexroth,BOS-331,2013-07-07,13.0,Medium,147,65,82,1500,2300,3.4,0.0508,Under Maintenance
MCH0408,LIN009,FAC003,Assembly Robot,ABB,ABB-401,2017-05-04,9.2,Medium,195,45,70,1400,2100,2.2,0.0403,Under Maintenance
MCH0409,LIN021,FAC007,CNC Milling,Makino,MAK-146,2015-12-26,10.5,Medium,228,72,85,1800,2400,2.8,0.0439,Active
MCH0410,LIN016,FAC006,Hydraulic Press,Schuler,SCH-802,2019-02-03,7.4,Low,428,60,78,800,1400,3.2,0.0353,Active
MCH0411,LIN006,FAC002,Industrial Furnace,Thermax,THE-253,2012-04-19,14.2,Critical,118,350,520,0,0,1.5,0.0791,Under Maintenance
MCH0412,LIN021,FAC007,Industrial Furnace,Thermax,THE-858,2020-11-10,5.6,Medium,486,350,520,0,0,1.5,0.0304,Active
MCH0413,LIN022,FAC008,Hydraulic Press,Schuler,SCH-675,2019-02-16,7.4,Low,426,60,78,800,1400,3.2,0.0353,Active
MCH0414,LIN017,FAC006,Industrial Furnace,Thermax,THE-889,2022-02-06,4.4,High,179,350,520,0,0,1.5,0.0521,Standby
MCH0415,LIN008,FAC003,Hydraulic Press,Schuler,SCH-129,2023-03-08,3.3,High,308,60,78,800,1400,3.2,0.0491,Under Maintenance
MCH0416,LIN002,FAC001,CNC Lathe,DMG Mori,DMG-559,2015-01-08,11.5,Critical,255,68,80,1600,2200,2.7,0.0716,Under Maintenance
MCH0417,LIN001,FAC001,Grinding Machine,Bosch Rexroth,BOS-709,2011-01-21,15.4,Low,273,65,82,1500,2300,3.4,0.0573,Under Maintenance
MCH0418,LIN013,FAC005,Assembly Robot,ABB,ABB-708,2016-01-06,10.5,Critical,311,45,70,1400,2100,2.2,0.0689,Standby
MCH0419,LIN008,FAC003,Packaging Line,Krones,KRO-781,2019-09-02,6.8,Medium,475,40,65,700,1300,2.0,0.0337,Active
MCH0420,LIN015,FAC005,Packaging Line,Krones,KRO-293,2019-09-09,6.8,High,228,40,65,700,1300,2.0,0.0587,Active
MCH0421,LIN007,FAC003,Grinding Machine,Bosch Rexroth,BOS-690,2017-01-15,9.5,Critical,294,65,82,1500,2300,3.4,0.0661,Under Maintenance
MCH0422,LIN002,FAC001,Hydraulic Press,Schuler,SCH-353,2019-10-11,6.7,High,304,60,78,800,1400,3.2,0.0584,Active
MCH0423,LIN009,FAC003,Packaging Line,Krones,KRO-388,2016-03-26,10.3,Low,332,40,65,700,1300,2.0,0.0433,Under Maintenance
MCH0424,LIN022,FAC008,Injection Molding,Husky,HUS-569,2014-11-20,11.6,High,224,55,75,1200,1900,3.0,0.0719,Active
MCH0425,LIN014,FAC005,Grinding Machine,Bosch Rexroth,BOS-935,2014-03-30,12.3,Low,480,65,82,1500,2300,3.4,0.0488,Active
MCH0426,LIN009,FAC003,Grinding Machine,Bosch Rexroth,BOS-194,2012-02-16,14.4,High,141,65,82,1500,2300,3.4,0.0796,Standby
MCH0427,LIN027,FAC009,Injection Molding,Husky,HUS-648,2014-09-26,11.8,Low,174,55,75,1200,1900,3.0,0.0475,Active
MCH0428,LIN011,FAC004,Assembly Robot,ABB,ABB-755,2010-03-03,16.3,High,238,45,70,1400,2100,2.2,0.0848,Standby
MCH0429,LIN004,FAC002,Industrial Furnace,Thermax,THE-525,2014-11-12,11.6,Medium,421,350,520,0,0,1.5,0.0469,Standby
MCH0430,LIN016,FAC006,CNC Milling,Makino,MAK-874,2020-06-23,6.0,Medium,227,72,85,1800,2400,2.8,0.0315,Active
MCH0431,LIN023,FAC008,Injection Molding,Husky,HUS-565,2024-06-24,2.0,High,198,55,75,1200,1900,3.0,0.0455,Under Maintenance
MCH0432,LIN025,FAC009,Packaging Line,Krones,KRO-291,2017-11-17,8.6,Low,471,40,65,700,1300,2.0,0.0387,Under Maintenance
MCH0433,LIN022,FAC008,Hydraulic Press,Schuler,SCH-430,2018-05-22,8.1,Medium,451,60,78,800,1400,3.2,0.0373,Under Maintenance
MCH0434,LIN011,FAC004,CNC Lathe,DMG Mori,DMG-610,2019-11-12,6.6,Medium,145,68,80,1600,2200,2.7,0.0331,Under Maintenance
MCH0435,LIN027,FAC009,CNC Milling,Makino,MAK-242,2011-03-01,15.3,Critical,110,72,85,1800,2400,2.8,0.0821,Active
MCH0436,LIN013,FAC005,Grinding Machine,Bosch Rexroth,BOS-573,2014-03-01,12.3,Medium,186,65,82,1500,2300,3.4,0.0488,Under Maintenance
MCH0437,LIN015,FAC005,Grinding Machine,Bosch Rexroth,BOS-725,2018-10-18,7.7,Critical,326,65,82,1500,2300,3.4,0.0612,Active
MCH0438,LIN013,FAC005,Packaging Line,Krones,KRO-378,2014-06-01,12.1,Low,359,40,65,700,1300,2.0,0.0483,Standby
MCH0439,LIN026,FAC009,CNC Lathe,DMG Mori,DMG-385,2022-09-21,3.8,Medium,95,68,80,1600,2200,2.7,0.0255,Standby
MCH0440,LIN027,FAC009,Injection Molding,Husky,HUS-945,2020-07-23,5.9,High,319,55,75,1200,1900,3.0,0.0562,Active
MCH0441,LIN020,FAC007,Grinding Machine,Bosch Rexroth,BOS-466,2013-08-10,12.9,Medium,456,65,82,1500,2300,3.4,0.0505,Standby
MCH0442,LIN001,FAC001,CNC Milling,Makino,MAK-899,2015-09-10,10.8,Medium,362,72,85,1800,2400,2.8,0.0447,Active
MCH0443,LIN021,FAC007,CNC Milling,Makino,MAK-264,2021-02-23,5.3,High,290,72,85,1800,2400,2.8,0.0546,Standby
MCH0444,LIN012,FAC004,Industrial Furnace,Thermax,THE-711,2010-10-21,15.7,Medium,478,350,520,0,0,1.5,0.0582,Under Maintenance
MCH0445,LIN029,FAC010,Assembly Robot,ABB,ABB-252,2016-09-01,9.8,Low,259,45,70,1400,2100,2.2,0.042,Active
MCH0446,LIN004,FAC002,Grinding Machine,Bosch Rexroth,BOS-350,2011-01-19,15.4,Medium,353,65,82,1500,2300,3.4,0.0573,Under Maintenance
MCH0447,LIN011,FAC004,Injection Molding,Husky,HUS-708,2017-10-23,8.7,Low,103,55,75,1200,1900,3.0,0.0389,Active
MCH0448,LIN016,FAC006,CNC Milling,Makino,MAK-560,2021-11-05,4.6,High,289,72,85,1800,2400,2.8,0.0527,Active
MCH0449,LIN024,FAC008,Injection Molding,Husky,HUS-358,2020-10-13,5.7,Medium,470,55,75,1200,1900,3.0,0.0307,Standby
MCH0450,LIN022,FAC008,Packaging Line,Krones,KRO-272,2023-04-04,3.2,Low,418,40,65,700,1300,2.0,0.0238,Active
MCH0451,LIN013,FAC005,Hydraulic Press,Schuler,SCH-217,2016-06-12,10.0,High,418,60,78,800,1400,3.2,0.0675,Under Maintenance
MCH0452,LIN026,FAC009,CNC Milling,Makino,MAK-617,2020-02-20,6.4,High,452,72,85,1800,2400,2.8,0.0576,Under Maintenance
MCH0453,LIN010,FAC004,Industrial Furnace,Thermax,THE-963,2015-11-30,10.6,High,147,350,520,0,0,1.5,0.0692,Standby
MCH0454,LIN022,FAC008,Assembly Robot,ABB,ABB-268,2017-03-26,9.3,Medium,410,45,70,1400,2100,2.2,0.0406,Active
MCH0455,LIN030,FAC010,CNC Milling,Makino,MAK-337,2024-02-08,2.4,Medium,464,72,85,1800,2400,2.8,0.0216,Active
MCH0456,LIN003,FAC001,Packaging Line,Krones,KRO-377,2019-06-25,7.0,High,180,40,65,700,1300,2.0,0.0593,Active
MCH0457,LIN007,FAC003,CNC Lathe,DMG Mori,DMG-185,2019-12-08,6.6,Medium,287,68,80,1600,2200,2.7,0.0331,Standby
MCH0458,LIN007,FAC003,Industrial Furnace,Thermax,THE-202,2018-08-22,7.9,Medium,464,350,520,0,0,1.5,0.0367,Under Maintenance
MCH0459,LIN006,FAC002,CNC Lathe,DMG Mori,DMG-215,2010-05-11,16.1,Medium,108,68,80,1600,2200,2.7,0.0593,Active
MCH0460,LIN030,FAC010,Industrial Furnace,Thermax,THE-625,2014-03-01,12.3,Medium,310,350,520,0,0,1.5,0.0488,Active
MCH0461,LIN007,FAC003,CNC Milling,Makino,MAK-286,2010-09-28,15.8,Medium,439,72,85,1800,2400,2.8,0.0585,Standby
MCH0462,LIN016,FAC006,Packaging Line,Krones,KRO-618,2018-05-05,8.2,Medium,352,40,65,700,1300,2.0,0.0376,Under Maintenance
MCH0463,LIN018,FAC006,CNC Lathe,DMG Mori,DMG-113,2010-10-24,15.7,High,338,68,80,1600,2200,2.7,0.0832,Active
MCH0464,LIN002,FAC001,Hydraulic Press,Schuler,SCH-726,2014-06-23,12.0,Medium,450,60,78,800,1400,3.2,0.048,Active
MCH0465,LIN002,FAC001,Grinding Machine,Bosch Rexroth,BOS-611,2018-05-28,8.1,High,335,65,82,1500,2300,3.4,0.0623,Active
MCH0466,LIN005,FAC002,Injection Molding,Husky,HUS-263,2021-02-21,5.4,High,353,55,75,1200,1900,3.0,0.0549,Under Maintenance
MCH0467,LIN027,FAC009,Hydraulic Press,Schuler,SCH-459,2010-10-26,15.7,High,207,60,78,800,1400,3.2,0.0832,Active
MCH0468,LIN030,FAC010,CNC Lathe,DMG Mori,DMG-666,2018-12-30,7.5,Low,128,68,80,1600,2200,2.7,0.0356,Active
MCH0469,LIN025,FAC009,Assembly Robot,ABB,ABB-507,2014-06-13,12.0,Medium,493,45,70,1400,2100,2.2,0.048,Active
MCH0470,LIN002,FAC001,CNC Lathe,DMG Mori,DMG-741,2013-08-14,12.9,Low,105,68,80,1600,2200,2.7,0.0505,Under Maintenance
MCH0471,LIN013,FAC005,Grinding Machine,Bosch Rexroth,BOS-110,2012-07-31,13.9,Medium,411,65,82,1500,2300,3.4,0.0532,Active
MCH0472,LIN011,FAC004,Injection Molding,Husky,HUS-438,2013-05-29,13.1,High,90,55,75,1200,1900,3.0,0.076,Under Maintenance
MCH0473,LIN022,FAC008,CNC Milling,Makino,MAK-472,2012-01-04,14.5,Medium,308,72,85,1800,2400,2.8,0.0549,Under Maintenance
MCH0474,LIN003,FAC001,Hydraulic Press,Schuler,SCH-237,2019-07-18,7.0,Medium,208,60,78,800,1400,3.2,0.0343,Standby
MCH0475,LIN003,FAC001,Injection Molding,Husky,HUS-202,2024-12-03,1.6,High,142,55,75,1200,1900,3.0,0.0444,Active
MCH0476,LIN023,FAC008,Grinding Machine,Bosch Rexroth,BOS-877,2024-10-10,1.7,Critical,168,65,82,1500,2300,3.4,0.0447,Active
MCH0477,LIN007,FAC003,Hydraulic Press,Schuler,SCH-618,2017-07-27,8.9,High,465,60,78,800,1400,3.2,0.0645,Standby
MCH0478,LIN008,FAC003,Hydraulic Press,Schuler,SCH-909,2020-08-26,5.8,Low,461,60,78,800,1400,3.2,0.0309,Active
MCH0479,LIN007,FAC003,Hydraulic Press,Schuler,SCH-138,2022-01-17,4.4,Medium,104,60,78,800,1400,3.2,0.0271,Active
MCH0480,LIN019,FAC007,Assembly Robot,ABB,ABB-391,2023-09-04,2.8,Medium,234,45,70,1400,2100,2.2,0.0227,Active
MCH0481,LIN004,FAC002,Assembly Robot,ABB,ABB-334,2015-07-16,11.0,Medium,242,45,70,1400,2100,2.2,0.0452,Under Maintenance
MCH0482,LIN024,FAC008,Packaging Line,Krones,KRO-908,2013-06-06,13.1,Low,361,40,65,700,1300,2.0,0.051,Active
MCH0483,LIN029,FAC010,Industrial Furnace,Thermax,THE-676,2020-02-07,6.4,High,467,350,520,0,0,1.5,0.0576,Standby
MCH0484,LIN019,FAC007,Grinding Machine,Bosch Rexroth,BOS-968,2012-09-23,13.8,Critical,438,65,82,1500,2300,3.4,0.078,Active
MCH0485,LIN007,FAC003,CNC Milling,Makino,MAK-470,2023-06-04,3.1,High,153,72,85,1800,2400,2.8,0.0485,Active
MCH0486,LIN029,FAC010,CNC Lathe,DMG Mori,DMG-520,2011-11-06,14.6,High,340,68,80,1600,2200,2.7,0.0801,Under Maintenance
MCH0487,LIN023,FAC008,Hydraulic Press,Schuler,SCH-369,2022-05-17,4.1,High,97,60,78,800,1400,3.2,0.0513,Active
MCH0488,LIN023,FAC008,Industrial Furnace,Thermax,THE-208,2019-03-08,7.3,Medium,296,350,520,0,0,1.5,0.0351,Active
MCH0489,LIN003,FAC001,Hydraulic Press,Schuler,SCH-843,2012-04-05,14.2,Critical,139,60,78,800,1400,3.2,0.0791,Under Maintenance
MCH0490,LIN018,FAC006,Assembly Robot,ABB,ABB-665,2016-05-13,10.1,Medium,400,45,70,1400,2100,2.2,0.0428,Active
MCH0491,LIN021,FAC007,CNC Lathe,DMG Mori,DMG-155,2023-12-28,2.5,Medium,346,68,80,1600,2200,2.7,0.0219,Active
MCH0492,LIN009,FAC003,CNC Milling,Makino,MAK-865,2023-11-13,2.6,High,382,72,85,1800,2400,2.8,0.0471,Active
MCH0493,LIN008,FAC003,Assembly Robot,ABB,ABB-747,2023-12-25,2.5,Low,132,45,70,1400,2100,2.2,0.0219,Standby
MCH0494,LIN001,FAC001,Packaging Line,Krones,KRO-369,2010-07-21,15.9,Low,325,40,65,700,1300,2.0,0.0587,Standby
MCH0495,LIN009,FAC003,Hydraulic Press,Schuler,SCH-399,2010-10-06,15.7,Critical,95,60,78,800,1400,3.2,0.0832,Active
MCH0496,LIN024,FAC008,CNC Lathe,DMG Mori,DMG-791,2021-09-30,4.7,Low,199,68,80,1600,2200,2.7,0.0279,Active
MCH0497,LIN029,FAC010,CNC Milling,Makino,MAK-957,2011-06-16,15.0,High,379,72,85,1800,2400,2.8,0.0813,Under Maintenance
MCH0498,LIN011,FAC004,Hydraulic Press,Schuler,SCH-757,2011-04-27,15.2,Low,230,60,78,800,1400,3.2,0.0568,Under Maintenance
MCH0499,LIN017,FAC006,Assembly Robot,ABB,ABB-306,2013-06-22,13.0,Low,239,45,70,1400,2100,2.2,0.0508,Active
MCH0500,LIN025,FAC009,Packaging Line,Krones,KRO-472,2018-07-26,7.9,Medium,144,40,65,700,1300,2.0,0.0367,Active
MCH0501,LIN019,FAC007,Packaging Line,Krones,KRO-336,2020-03-08,6.3,Low,198,40,65,700,1300,2.0,0.0323,Under Maintenance
MCH0502,LIN011,FAC004,Grinding Machine,Bosch Rexroth,BOS-878,2013-04-10,13.2,Critical,442,65,82,1500,2300,3.4,0.0763,Active
MCH0503,LIN002,FAC001,CNC Lathe,DMG Mori,DMG-976,2012-02-25,14.3,Low,306,68,80,1600,2200,2.7,0.0543,Active
MCH0504,LIN008,FAC003,CNC Milling,Makino,MAK-874,2021-03-09,5.3,Critical,433,72,85,1800,2400,2.8,0.0546,Active
MCH0505,LIN023,FAC008,CNC Lathe,DMG Mori,DMG-609,2017-09-23,8.8,High,389,68,80,1600,2200,2.7,0.0642,Active
MCH0506,LIN001,FAC001,CNC Lathe,DMG Mori,DMG-590,2020-02-24,6.3,Medium,143,68,80,1600,2200,2.7,0.0323,Under Maintenance
MCH0507,LIN006,FAC002,Hydraulic Press,Schuler,SCH-948,2016-10-14,9.7,High,378,60,78,800,1400,3.2,0.0667,Standby
MCH0508,LIN010,FAC004,CNC Milling,Makino,MAK-682,2016-03-25,10.3,Medium,445,72,85,1800,2400,2.8,0.0433,Active
MCH0509,LIN021,FAC007,CNC Lathe,DMG Mori,DMG-688,2014-03-26,12.3,Low,95,68,80,1600,2200,2.7,0.0488,Active
MCH0510,LIN023,FAC008,Hydraulic Press,Schuler,SCH-374,2019-08-02,6.9,Medium,99,60,78,800,1400,3.2,0.034,Standby
MCH0511,LIN004,FAC002,Grinding Machine,Bosch Rexroth,BOS-311,2023-07-03,3.0,Medium,281,65,82,1500,2300,3.4,0.0232,Active
MCH0512,LIN030,FAC010,Grinding Machine,Bosch Rexroth,BOS-220,2018-10-24,7.7,High,189,65,82,1500,2300,3.4,0.0612,Active
MCH0513,LIN027,FAC009,Assembly Robot,ABB,ABB-902,2023-07-10,3.0,High,274,45,70,1400,2100,2.2,0.0483,Active
MCH0514,LIN029,FAC010,Grinding Machine,Bosch Rexroth,BOS-598,2024-12-04,1.6,High,373,65,82,1500,2300,3.4,0.0444,Standby
MCH0515,LIN012,FAC004,CNC Lathe,DMG Mori,DMG-533,2020-04-19,6.2,High,230,68,80,1600,2200,2.7,0.057,Active
MCH0516,LIN030,FAC010,Hydraulic Press,Schuler,SCH-610,2012-06-27,14.0,High,498,60,78,800,1400,3.2,0.0785,Under Maintenance
MCH0517,LIN005,FAC002,Industrial Furnace,Thermax,THE-474,2020-11-12,5.6,Medium,429,350,520,0,0,1.5,0.0304,Active
MCH0518,LIN020,FAC007,CNC Milling,Makino,MAK-662,2010-09-21,15.8,High,206,72,85,1800,2400,2.8,0.0834,Active
MCH0519,LIN030,FAC010,Injection Molding,Husky,HUS-688,2016-06-30,10.0,Medium,192,55,75,1200,1900,3.0,0.0425,Active
MCH0520,LIN005,FAC002,Packaging Line,Krones,KRO-579,2017-09-14,8.8,Low,307,40,65,700,1300,2.0,0.0392,Active
MCH0521,LIN019,FAC007,Assembly Robot,ABB,ABB-468,2016-03-03,10.3,High,142,45,70,1400,2100,2.2,0.0683,Active
MCH0522,LIN024,FAC008,Injection Molding,Husky,HUS-691,2021-07-02,5.0,Low,286,55,75,1200,1900,3.0,0.0287,Active
MCH0523,LIN023,FAC008,CNC Lathe,DMG Mori,DMG-378,2010-10-16,15.7,Medium,452,68,80,1600,2200,2.7,0.0582,Active
MCH0524,LIN016,FAC006,Industrial Furnace,Thermax,THE-667,2012-03-31,14.2,Medium,411,350,520,0,0,1.5,0.0541,Active
MCH0525,LIN017,FAC006,Industrial Furnace,Thermax,THE-736,2019-09-03,6.8,High,111,350,520,0,0,1.5,0.0587,Active
MCH0526,LIN028,FAC010,Grinding Machine,Bosch Rexroth,BOS-476,2015-05-01,11.2,Medium,228,65,82,1500,2300,3.4,0.0458,Under Maintenance
MCH0527,LIN027,FAC009,Hydraulic Press,Schuler,SCH-444,2019-03-30,7.3,Medium,453,60,78,800,1400,3.2,0.0351,Under Maintenance
MCH0528,LIN005,FAC002,CNC Lathe,DMG Mori,DMG-208,2014-09-06,11.8,Low,299,68,80,1600,2200,2.7,0.0475,Active
MCH0529,LIN014,FAC005,Packaging Line,Krones,KRO-106,2018-06-27,8.0,High,252,40,65,700,1300,2.0,0.062,Active
MCH0530,LIN014,FAC005,Industrial Furnace,Thermax,THE-155,2011-12-31,14.5,High,194,350,520,0,0,1.5,0.0799,Active
MCH0531,LIN021,FAC007,Grinding Machine,Bosch Rexroth,BOS-769,2022-11-18,3.6,High,280,65,82,1500,2300,3.4,0.0499,Active
MCH0532,LIN007,FAC003,Grinding Machine,Bosch Rexroth,BOS-295,2016-12-25,9.5,High,323,65,82,1500,2300,3.4,0.0661,Under Maintenance
MCH0533,LIN017,FAC006,Industrial Furnace,Thermax,THE-320,2022-03-17,4.3,High,226,350,520,0,0,1.5,0.0518,Active
MCH0534,LIN027,FAC009,Packaging Line,Krones,KRO-471,2017-07-18,9.0,High,280,40,65,700,1300,2.0,0.0648,Active
MCH0535,LIN025,FAC009,Injection Molding,Husky,HUS-987,2015-09-08,10.8,High,439,55,75,1200,1900,3.0,0.0697,Active
MCH0536,LIN030,FAC010,Hydraulic Press,Schuler,SCH-255,2014-09-30,11.7,Medium,453,60,78,800,1400,3.2,0.0472,Standby
MCH0537,LIN013,FAC005,CNC Lathe,DMG Mori,DMG-649,2015-04-15,11.2,Low,240,68,80,1600,2200,2.7,0.0458,Under Maintenance
MCH0538,LIN003,FAC001,CNC Milling,Makino,MAK-737,2015-11-23,10.6,Medium,140,72,85,1800,2400,2.8,0.0442,Standby
MCH0539,LIN017,FAC006,Assembly Robot,ABB,ABB-445,2020-12-19,5.5,High,410,45,70,1400,2100,2.2,0.0551,Active
MCH0540,LIN026,FAC009,Hydraulic Press,Schuler,SCH-292,2021-11-28,4.6,Medium,389,60,78,800,1400,3.2,0.0277,Active
MCH0541,LIN019,FAC007,Injection Molding,Husky,HUS-486,2014-01-14,12.5,Medium,399,55,75,1200,1900,3.0,0.0494,Active
MCH0542,LIN004,FAC002,CNC Milling,Makino,MAK-777,2023-10-16,2.7,Medium,115,72,85,1800,2400,2.8,0.0224,Under Maintenance
MCH0543,LIN019,FAC007,CNC Milling,Makino,MAK-977,2013-02-10,13.4,Medium,258,72,85,1800,2400,2.8,0.0519,Active
MCH0544,LIN003,FAC001,Grinding Machine,Bosch Rexroth,BOS-368,2013-08-14,12.9,Low,450,65,82,1500,2300,3.4,0.0505,Under Maintenance
MCH0545,LIN004,FAC002,Injection Molding,Husky,HUS-323,2016-04-20,10.2,High,436,55,75,1200,1900,3.0,0.068,Standby
MCH0546,LIN024,FAC008,Industrial Furnace,Thermax,THE-362,2022-10-18,3.7,Medium,475,350,520,0,0,1.5,0.0252,Under Maintenance
MCH0547,LIN005,FAC002,CNC Milling,Makino,MAK-387,2018-01-27,8.4,Medium,361,72,85,1800,2400,2.8,0.0381,Standby
MCH0548,LIN011,FAC004,Grinding Machine,Bosch Rexroth,BOS-235,2015-12-27,10.5,High,192,65,82,1500,2300,3.4,0.0689,Standby
MCH0549,LIN013,FAC005,CNC Lathe,DMG Mori,DMG-287,2019-04-03,7.2,High,249,68,80,1600,2200,2.7,0.0598,Standby
MCH0550,LIN019,FAC007,Grinding Machine,Bosch Rexroth,BOS-846,2018-07-23,7.9,Critical,383,65,82,1500,2300,3.4,0.0617,Active
MCH0551,LIN025,FAC009,CNC Milling,Makino,MAK-884,2020-03-25,6.3,Critical,119,72,85,1800,2400,2.8,0.0573,Active
MCH0552,LIN012,FAC004,Injection Molding,Husky,HUS-354,2016-12-03,9.6,High,278,55,75,1200,1900,3.0,0.0664,Standby
MCH0553,LIN013,FAC005,Injection Molding,Husky,HUS-566,2018-12-27,7.5,High,442,55,75,1200,1900,3.0,0.0606,Standby
MCH0554,LIN028,FAC010,CNC Milling,Makino,MAK-220,2011-02-20,15.4,Medium,317,72,85,1800,2400,2.8,0.0573,Active
MCH0555,LIN021,FAC007,Industrial Furnace,Thermax,THE-623,2022-09-12,3.8,Medium,263,350,520,0,0,1.5,0.0255,Active
MCH0556,LIN013,FAC005,CNC Lathe,DMG Mori,DMG-185,2021-05-22,5.1,High,150,68,80,1600,2200,2.7,0.054,Active
MCH0557,LIN030,FAC010,Grinding Machine,Bosch Rexroth,BOS-731,2024-11-02,1.7,Medium,324,65,82,1500,2300,3.4,0.0197,Active
MCH0558,LIN025,FAC009,CNC Lathe,DMG Mori,DMG-808,2010-07-29,15.9,Low,155,68,80,1600,2200,2.7,0.0587,Active
MCH0559,LIN019,FAC007,CNC Milling,Makino,MAK-884,2010-12-19,15.5,Medium,142,72,85,1800,2400,2.8,0.0576,Active
MCH0560,LIN024,FAC008,Hydraulic Press,Schuler,SCH-769,2023-06-22,3.0,Medium,369,60,78,800,1400,3.2,0.0232,Active
MCH0561,LIN029,FAC010,Assembly Robot,ABB,ABB-112,2011-12-27,14.5,Low,238,45,70,1400,2100,2.2,0.0549,Active
MCH0562,LIN011,FAC004,Packaging Line,Krones,KRO-784,2016-05-06,10.1,Medium,351,40,65,700,1300,2.0,0.0428,Under Maintenance
MCH0563,LIN001,FAC001,Packaging Line,Krones,KRO-495,2011-10-10,14.7,Critical,218,40,65,700,1300,2.0,0.0804,Under Maintenance
MCH0564,LIN015,FAC005,Injection Molding,Husky,HUS-383,2012-06-05,14.1,High,264,55,75,1200,1900,3.0,0.0788,Active
MCH0565,LIN024,FAC008,CNC Lathe,DMG Mori,DMG-107,2016-01-31,10.4,Medium,158,68,80,1600,2200,2.7,0.0436,Active
MCH0566,LIN010,FAC004,Assembly Robot,ABB,ABB-186,2011-10-28,14.7,High,486,45,70,1400,2100,2.2,0.0804,Active
MCH0567,LIN016,FAC006,Assembly Robot,ABB,ABB-380,2010-04-09,16.2,Medium,251,45,70,1400,2100,2.2,0.0595,Standby
MCH0568,LIN019,FAC007,Hydraulic Press,Schuler,SCH-798,2010-03-10,16.3,Medium,100,60,78,800,1400,3.2,0.0598,Active
MCH0569,LIN014,FAC005,Packaging Line,Krones,KRO-177,2023-05-07,3.1,High,462,40,65,700,1300,2.0,0.0485,Active
MCH0570,LIN005,FAC002,Industrial Furnace,Thermax,THE-447,2012-06-03,14.1,High,324,350,520,0,0,1.5,0.0788,Standby
MCH0571,LIN020,FAC007,Packaging Line,Krones,KRO-689,2024-05-12,2.1,High,426,40,65,700,1300,2.0,0.0458,Active
MCH0572,LIN017,FAC006,Grinding Machine,Bosch Rexroth,BOS-924,2015-10-29,10.7,Low,284,65,82,1500,2300,3.4,0.0444,Under Maintenance
MCH0573,LIN004,FAC002,Grinding Machine,Bosch Rexroth,BOS-190,2022-06-07,4.1,Medium,407,65,82,1500,2300,3.4,0.0263,Under Maintenance
MCH0574,LIN029,FAC010,Industrial Furnace,Thermax,THE-858,2023-08-06,2.9,Medium,443,350,520,0,0,1.5,0.023,Active
MCH0575,LIN008,FAC003,CNC Milling,Makino,MAK-739,2020-06-15,6.0,Medium,395,72,85,1800,2400,2.8,0.0315,Active
MCH0576,LIN020,FAC007,Packaging Line,Krones,KRO-141,2023-02-21,3.4,Medium,91,40,65,700,1300,2.0,0.0243,Active
MCH0577,LIN009,FAC003,Grinding Machine,Bosch Rexroth,BOS-667,2017-04-24,9.2,High,493,65,82,1500,2300,3.4,0.0653,Under Maintenance
MCH0578,LIN030,FAC010,Industrial Furnace,Thermax,THE-789,2022-03-31,4.2,Medium,435,350,520,0,0,1.5,0.0266,Under Maintenance
MCH0579,LIN003,FAC001,Industrial Furnace,Thermax,THE-356,2021-03-18,5.3,Medium,347,350,520,0,0,1.5,0.0296,Active
MCH0580,LIN007,FAC003,Hydraulic Press,Schuler,SCH-434,2020-05-10,6.1,High,182,60,78,800,1400,3.2,0.0568,Standby
MCH0581,LIN004,FAC002,Hydraulic Press,Schuler,SCH-346,2023-10-12,2.7,Medium,218,60,78,800,1400,3.2,0.0224,Under Maintenance
MCH0582,LIN013,FAC005,Grinding Machine,Bosch Rexroth,BOS-835,2010-06-16,16.0,Medium,415,65,82,1500,2300,3.4,0.059,Active
MCH0583,LIN027,FAC009,Assembly Robot,ABB,ABB-187,2021-06-24,5.0,Medium,431,45,70,1400,2100,2.2,0.0287,Active
MCH0584,LIN009,FAC003,CNC Lathe,DMG Mori,DMG-576,2018-03-02,8.3,High,218,68,80,1600,2200,2.7,0.0628,Active
MCH0585,LIN026,FAC009,CNC Milling,Makino,MAK-998,2014-10-08,11.7,Medium,333,72,85,1800,2400,2.8,0.0472,Active
MCH0586,LIN014,FAC005,Injection Molding,Husky,HUS-731,2015-12-17,10.5,High,98,55,75,1200,1900,3.0,0.0689,Active
MCH0587,LIN024,FAC008,Hydraulic Press,Schuler,SCH-698,2021-03-11,5.3,Critical,154,60,78,800,1400,3.2,0.0546,Under Maintenance
MCH0588,LIN006,FAC002,Assembly Robot,ABB,ABB-274,2015-03-29,11.3,High,394,45,70,1400,2100,2.2,0.0711,Standby
MCH0589,LIN023,FAC008,Grinding Machine,Bosch Rexroth,BOS-529,2024-05-05,2.2,High,320,65,82,1500,2300,3.4,0.0461,Active
MCH0590,LIN008,FAC003,Grinding Machine,Bosch Rexroth,BOS-590,2015-12-07,10.6,Medium,98,65,82,1500,2300,3.4,0.0442,Active
MCH0591,LIN016,FAC006,Industrial Furnace,Thermax,THE-646,2017-04-10,9.2,Medium,124,350,520,0,0,1.5,0.0403,Standby
MCH0592,LIN023,FAC008,Industrial Furnace,Thermax,THE-734,2010-01-23,16.4,Medium,470,350,520,0,0,1.5,0.0601,Active
MCH0593,LIN019,FAC007,Hydraulic Press,Schuler,SCH-218,2015-03-05,11.3,High,184,60,78,800,1400,3.2,0.0711,Active
MCH0594,LIN016,FAC006,CNC Milling,Makino,MAK-839,2023-07-27,2.9,Low,262,72,85,1800,2400,2.8,0.023,Under Maintenance
MCH0595,LIN028,FAC010,Assembly Robot,ABB,ABB-206,2024-06-05,2.1,Medium,374,45,70,1400,2100,2.2,0.0208,Under Maintenance
MCH0596,LIN022,FAC008,Grinding Machine,Bosch Rexroth,BOS-373,2022-04-28,4.2,Medium,382,65,82,1500,2300,3.4,0.0266,Standby
MCH0597,LIN012,FAC004,CNC Milling,Makino,MAK-315,2023-09-13,2.8,Critical,210,72,85,1800,2400,2.8,0.0477,Active
MCH0598,LIN029,FAC010,Injection Molding,Husky,HUS-999,2010-07-29,15.9,Medium,245,55,75,1200,1900,3.0,0.0587,Active
MCH0599,LIN003,FAC001,Packaging Line,Krones,KRO-272,2015-01-29,11.4,Medium,355,40,65,700,1300,2.0,0.0464,Active
MCH0600,LIN014,FAC005,Injection Molding,Husky,HUS-912,2011-10-21,14.7,Medium,155,55,75,1200,1900,3.0,0.0554,Under Maintenance
