operator_id,operator_name,factory_id,primary_shift,experience_years,skill_level,safety_training_status,attendance_rate,operator_error_factor
OPR0001,Priya Mehta,FAC007,Morning,16.9,Senior,Expired,0.887,0.026
OPR0002,Karan Patel,FAC008,Night,3.5,Intermediate,Certified,0.783,0.016
OPR0003,Neha Patel,FAC001,Night,13.4,Senior,Certified,0.806,0.006
OPR0004,Nitin Sharma,FAC004,Night,10.4,Senior,Certified,0.967,0.006
OPR0005,Arjun Patel,FAC007,Night,19.2,Senior,Expired,0.839,0.026
OPR0006,Priya Reddy,FAC002,Evening,0.2,Junior,Certified,0.939,0.032
OPR0007,Riya Patel,FAC003,Night,11.4,Senior,Expired,0.841,0.026
OPR0008,Kavya Sharma,FAC006,Evening,11.0,Senior,Certified,0.812,0.006
OPR0009,Aditya Verma,FAC002,Night,17.5,Senior,Expired,0.911,0.026
OPR0010,Rahul Mehta,FAC002,Morning,4.1,Intermediate,Certified,0.895,0.016
OPR0011,Arjun Verma,FAC009,Evening,14.5,Senior,Certified,0.868,0.006
OPR0012,Pooja Nair,FAC005,Evening,15.8,Senior,Certified,0.979,0.006
OPR0013,Ishaan Patel,FAC009,Night,6.5,Intermediate,Certified,0.845,0.016
OPR0014,Priya Sharma,FAC008,Evening,8.1,Senior,Expired,0.803,0.026
OPR0015,Karan Mehta,FAC003,Morning,1.8,Junior,Certified,0.963,0.032
OPR0016,Nitin Sharma,FAC003,Morning,3.6,Intermediate,Certified,0.767,0.016
OPR0017,Nitin Gupta,FAC007,Morning,1.6,Junior,Expired,0.816,0.052
OPR0018,Ananya Verma,FAC008,Evening,12.3,Senior,Certified,0.81,0.006
OPR0019,Ishaan Nair,FAC004,Morning,3.2,Intermediate,Expired,0.786,0.036
OPR0020,Priya Sharma,FAC010,Evening,1.9,Junior,Certified,0.896,0.032
OPR0021,Aman Sharma,FAC004,Evening,4.5,Intermediate,Not Certified,0.85,0.036
OPR0022,Aman Kumar,FAC001,Evening,6.3,Intermediate,Certified,0.83,0.016
OPR0023,Aarav Kumar,FAC004,Morning,14.7,Senior,Certified,0.889,0.006
OPR0024,Simran Mehta,FAC010,Evening,1.8,Junior,Expired,0.968,0.052
OPR0025,Kavya Yadav,FAC002,Night,1.1,Junior,Certified,0.883,0.032
OPR0026,Neha Sharma,FAC005,Night,0.9,Junior,Certified,0.92,0.032
OPR0027,Aman Patel,FAC008,Morning,15.9,Senior,Certified,0.97,0.006
OPR0028,Neha Nair,FAC007,Evening,17.2,Senior,Certified,0.841,0.006
OPR0029,Ishaan Gupta,FAC002,Evening,18.1,Senior,Certified,0.847,0.006
OPR0030,Rahul Nair,FAC010,Evening,11.9,Senior,Certified,0.932,0.006
OPR0031,Sai Reddy,FAC006,Night,15.7,Senior,Certified,0.959,0.006
OPR0032,Pooja Mehta,FAC006,Night,19.6,Senior,Certified,0.831,0.006
OPR0033,Aman Patel,FAC008,Morning,6.3,Intermediate,Certified,0.779,0.016
OPR0034,Aditya Yadav,FAC009,Morning,9.9,Senior,Not Certified,0.765,0.026
OPR0035,Rohan Yadav,FAC005,Morning,8.4,Senior,Certified,0.817,0.006
OPR0036,Aditya Gupta,FAC010,Evening,7.0,Intermediate,Certified,0.843,0.016
OPR0037,Riya Sharma,FAC004,Morning,19.3,Senior,Expired,0.989,0.026
OPR0038,Aarav Patel,FAC005,Night,12.2,Senior,Certified,0.859,0.006
OPR0039,Riya Sharma,FAC008,Morning,14.6,Senior,Certified,0.991,0.006
OPR0040,Priya Nair,FAC010,Night,19.8,Senior,Certified,0.962,0.006
OPR0041,Neha Singh,FAC002,Night,4.8,Intermediate,Certified,0.934,0.016
OPR0042,Aditya Gupta,FAC008,Morning,9.5,Senior,Certified,0.786,0.006
OPR0043,Aarav Kumar,FAC010,Night,15.8,Senior,Certified,0.766,0.006
OPR0044,Riya Yadav,FAC010,Evening,1.6,Junior,Certified,0.979,0.032
OPR0045,Meera Singh,FAC009,Evening,1.3,Junior,Certified,0.953,0.032
OPR0046,Vikram Gupta,FAC009,Evening,19.9,Senior,Expired,0.904,0.026
OPR0047,Sai Verma,FAC005,Morning,11.4,Senior,Certified,0.924,0.006
OPR0048,Rohan Yadav,FAC004,Evening,1.2,Junior,Certified,0.793,0.032
OPR0049,Ananya Singh,FAC003,Night,7.5,Intermediate,Certified,0.952,0.016
OPR0050,Meera Patel,FAC002,Night,16.2,Senior,Certified,0.81,0.006
OPR0051,Neha Reddy,FAC005,Night,15.7,Senior,Certified,0.927,0.006
OPR0052,Rahul Singh,FAC002,Morning,2.2,Junior,Certified,0.938,0.032
OPR0053,Simran Verma,FAC008,Morning,3.3,Intermediate,Certified,0.784,0.016
OPR0054,Aman Kumar,FAC009,Morning,2.3,Junior,Certified,0.839,0.032
OPR0055,Vivaan Patel,FAC007,Night,11.8,Senior,Certified,0.788,0.006
OPR0056,Rohan Reddy,FAC003,Night,17.0,Senior,Certified,0.819,0.006
OPR0057,Aditya Sharma,FAC002,Night,12.8,Senior,Not Certified,0.791,0.026
OPR0058,Ananya Sharma,FAC009,Night,16.6,Senior,Certified,0.939,0.006
OPR0059,Priya Reddy,FAC005,Evening,7.2,Intermediate,Certified,0.92,0.016
OPR0060,Rohan Sharma,FAC007,Night,7.8,Intermediate,Certified,0.778,0.016
OPR0061,Priya Verma,FAC005,Morning,12.8,Senior,Certified,0.931,0.006
OPR0062,Aditya Gupta,FAC005,Night,7.1,Intermediate,Expired,0.903,0.036
OPR0063,Kavya Nair,FAC009,Night,17.0,Senior,Certified,0.969,0.006
OPR0064,Meera Kumar,FAC002,Night,0.3,Junior,Certified,0.788,0.032
OPR0065,Aditya Singh,FAC009,Night,0.8,Junior,Certified,0.903,0.032
OPR0066,Rahul Kumar,FAC003,Evening,16.4,Senior,Expired,0.851,0.026
OPR0067,Rohan Yadav,FAC006,Evening,2.6,Junior,Certified,0.807,0.032
OPR0068,Aditya Verma,FAC007,Evening,15.4,Senior,Certified,0.919,0.006
OPR0069,Kavya Gupta,FAC006,Evening,10.0,Senior,Certified,0.813,0.006
OPR0070,Priya Gupta,FAC002,Night,13.7,Senior,Certified,0.915,0.006
OPR0071,Aman Reddy,FAC001,Morning,15.4,Senior,Certified,0.982,0.006
OPR0072,Ishaan Mehta,FAC006,Evening,2.5,Junior,Certified,0.78,0.032
OPR0073,Ananya Singh,FAC004,Morning,17.4,Senior,Certified,0.887,0.006
OPR0074,Ishaan Sharma,FAC005,Evening,17.0,Senior,Certified,0.81,0.006
OPR0075,Aarav Kumar,FAC006,Night,9.2,Senior,Certified,0.764,0.006
OPR0076,Rahul Kumar,FAC004,Night,3.5,Intermediate,Certified,0.779,0.016
OPR0077,Rohan Sharma,FAC001,Morning,0.8,Junior,Certified,0.844,0.032
OPR0078,Simran Reddy,FAC008,Evening,19.2,Senior,Certified,0.948,0.006
OPR0079,Priya Yadav,FAC008,Night,7.0,Intermediate,Expired,0.993,0.036
OPR0080,Aman Yadav,FAC008,Morning,0.8,Junior,Certified,0.881,0.032
OPR0081,Neha Mehta,FAC004,Morning,14.5,Senior,Not Certified,0.769,0.026
OPR0082,Kavya Yadav,FAC001,Morning,4.6,Intermediate,Certified,0.777,0.016
OPR0083,Vikram Mehta,FAC005,Evening,16.7,Senior,Certified,0.776,0.006
OPR0084,Riya Sharma,FAC001,Evening,6.4,Intermediate,Certified,0.85,0.016
OPR0085,Riya Nair,FAC008,Morning,12.8,Senior,Certified,0.835,0.006
OPR0086,Kavya Singh,FAC006,Morning,17.5,Senior,Certified,0.875,0.006
OPR0087,Neha Gupta,FAC003,Evening,12.8,Senior,Certified,0.888,0.006
OPR0088,Priya Sharma,FAC004,Morning,16.5,Senior,Expired,0.785,0.026
OPR0089,Meera Nair,FAC006,Evening,3.0,Intermediate,Certified,0.985,0.016
OPR0090,Riya Kumar,FAC005,Evening,3.5,Intermediate,Certified,0.793,0.016
OPR0091,Simran Yadav,FAC001,Night,14.9,Senior,Certified,0.815,0.006
OPR0092,Kavya Gupta,FAC010,Night,17.1,Senior,Expired,0.834,0.026
OPR0093,Aditya Mehta,FAC006,Night,18.8,Senior,Certified,0.779,0.006
OPR0094,Kavya Gupta,FAC004,Evening,1.0,Junior,Expired,0.922,0.052
OPR0095,Riya Gupta,FAC003,Evening,6.3,Intermediate,Certified,0.984,0.016
OPR0096,Ishaan Gupta,FAC010,Morning,7.5,Intermediate,Certified,0.81,0.016
OPR0097,Neha Sharma,FAC005,Night,17.5,Senior,Certified,0.838,0.006
OPR0098,Meera Sharma,FAC009,Morning,9.5,Senior,Certified,0.92,0.006
OPR0099,Kavya Gupta,FAC009,Night,9.3,Senior,Certified,0.886,0.006
OPR0100,Rohan Patel,FAC005,Morning,4.8,Intermediate,Certified,0.912,0.016
OPR0101,Sai Sharma,FAC004,Evening,7.2,Intermediate,Certified,0.973,0.016
OPR0102,Simran Reddy,FAC009,Night,12.6,Senior,Certified,0.938,0.006
OPR0103,Aditya Kumar,FAC009,Evening,2.8,Junior,Expired,0.899,0.052
OPR0104,Riya Mehta,FAC004,Evening,7.3,Intermediate,Certified,0.778,0.016
OPR0105,Aarav Gupta,FAC008,Morning,0.3,Junior,Certified,0.792,0.032
OPR0106,Nitin Sharma,FAC008,Night,2.2,Junior,Certified,0.929,0.032
OPR0107,Vivaan Sharma,FAC003,Evening,14.9,Senior,Certified,0.76,0.006
OPR0108,Sai Mehta,FAC007,Evening,6.7,Intermediate,Not Certified,0.959,0.036
OPR0109,Meera Kumar,FAC003,Evening,14.2,Senior,Certified,0.885,0.006
OPR0110,Rohan Singh,FAC004,Night,14.4,Senior,Certified,0.985,0.006
OPR0111,Priya Kumar,FAC003,Evening,19.2,Senior,Expired,0.763,0.026
OPR0112,Priya Gupta,FAC006,Morning,7.8,Intermediate,Certified,0.861,0.016
OPR0113,Aarav Nair,FAC003,Morning,2.6,Junior,Certified,0.835,0.032
OPR0114,Karan Gupta,FAC006,Evening,7.1,Intermediate,Not Certified,0.776,0.036
OPR0115,Vivaan Patel,FAC009,Morning,10.9,Senior,Certified,0.823,0.006
OPR0116,Ananya Singh,FAC010,Evening,14.2,Senior,Certified,0.982,0.006
OPR0117,Sai Yadav,FAC008,Night,8.9,Senior,Certified,0.86,0.006
OPR0118,Nitin Nair,FAC006,Evening,19.4,Senior,Certified,0.856,0.006
OPR0119,Nitin Reddy,FAC005,Evening,2.0,Junior,Certified,0.86,0.032
OPR0120,Meera Singh,FAC003,Evening,7.1,Intermediate,Certified,0.946,0.016
OPR0121,Arjun Verma,FAC008,Evening,14.8,Senior,Certified,0.897,0.006
OPR0122,Rohan Singh,FAC003,Night,16.6,Senior,Certified,0.792,0.006
OPR0123,Rahul Yadav,FAC003,Evening,18.9,Senior,Not Certified,0.961,0.026
OPR0124,Simran Verma,FAC009,Morning,8.9,Senior,Not Certified,0.914,0.026
OPR0125,Karan Sharma,FAC001,Evening,5.4,Intermediate,Certified,0.993,0.016
OPR0126,Vivaan Singh,FAC005,Evening,12.7,Senior,Certified,0.833,0.006
OPR0127,Riya Yadav,FAC006,Morning,15.8,Senior,Certified,0.924,0.006
OPR0128,Aarav Gupta,FAC008,Evening,18.6,Senior,Expired,0.924,0.026
OPR0129,Simran Patel,FAC008,Evening,3.5,Intermediate,Certified,0.894,0.016
OPR0130,Rohan Yadav,FAC004,Evening,10.9,Senior,Certified,0.815,0.006
OPR0131,Ishaan Kumar,FAC002,Morning,12.3,Senior,Certified,0.866,0.006
OPR0132,Ishaan Patel,FAC010,Morning,16.2,Senior,Certified,0.794,0.006
OPR0133,Vikram Singh,FAC007,Morning,16.6,Senior,Certified,0.866,0.006
OPR0134,Riya Kumar,FAC010,Night,4.6,Intermediate,Certified,0.893,0.016
OPR0135,Ishaan Yadav,FAC008,Evening,2.1,Junior,Expired,0.962,0.052
OPR0136,Priya Singh,FAC008,Morning,3.7,Intermediate,Certified,0.986,0.016
OPR0137,Ishaan Sharma,FAC003,Morning,2.6,Junior,Certified,0.827,0.032
OPR0138,Riya Sharma,FAC006,Morning,1.0,Junior,Not Certified,0.799,0.052
OPR0139,Rahul Gupta,FAC005,Evening,19.0,Senior,Certified,0.921,0.006
OPR0140,Nitin Patel,FAC007,Morning,18.8,Senior,Certified,0.963,0.006
OPR0141,Karan Sharma,FAC008,Night,11.6,Senior,Certified,0.774,0.006
OPR0142,Priya Yadav,FAC002,Morning,5.5,Intermediate,Certified,0.897,0.016
OPR0143,Nitin Singh,FAC002,Night,2.0,Junior,Not Certified,0.967,0.052
OPR0144,Vivaan Patel,FAC010,Night,5.8,Intermediate,Certified,0.899,0.016
OPR0145,Arjun Kumar,FAC007,Evening,5.2,Intermediate,Certified,0.827,0.016
OPR0146,Ananya Singh,FAC008,Night,9.0,Senior,Certified,0.909,0.006
OPR0147,Sai Singh,FAC005,Night,10.1,Senior,Certified,0.931,0.006
OPR0148,Sai Yadav,FAC005,Morning,14.0,Senior,Certified,0.916,0.006
OPR0149,Simran Kumar,FAC006,Night,9.0,Senior,Certified,0.855,0.006
OPR0150,Aditya Yadav,FAC008,Morning,8.3,Senior,Certified,0.811,0.006
OPR0151,Riya Gupta,FAC004,Morning,13.2,Senior,Expired,0.979,0.026
OPR0152,Sai Verma,FAC005,Evening,10.0,Senior,Certified,0.982,0.006
OPR0153,Karan Sharma,FAC008,Evening,3.0,Intermediate,Certified,0.801,0.016
OPR0154,Priya Sharma,FAC007,Evening,17.8,Senior,Certified,0.958,0.006
OPR0155,Karan Singh,FAC001,Morning,9.9,Senior,Certified,0.795,0.006
OPR0156,Ishaan Nair,FAC005,Evening,1.3,Junior,Certified,0.858,0.032
OPR0157,Aman Yadav,FAC007,Morning,11.3,Senior,Certified,0.798,0.006
OPR0158,Ishaan Kumar,FAC003,Evening,0.6,Junior,Expired,0.923,0.052
OPR0159,Ananya Yadav,FAC001,Evening,16.5,Senior,Certified,0.782,0.006
OPR0160,Pooja Nair,FAC005,Evening,3.8,Intermediate,Expired,0.855,0.036
OPR0161,Rahul Yadav,FAC006,Evening,14.7,Senior,Certified,0.918,0.006
OPR0162,Riya Kumar,FAC006,Evening,12.1,Senior,Certified,0.931,0.006
OPR0163,Ananya Nair,FAC009,Night,13.1,Senior,Certified,0.965,0.006
OPR0164,Vivaan Kumar,FAC007,Morning,15.6,Senior,Certified,0.874,0.006
OPR0165,Aditya Verma,FAC003,Evening,5.0,Intermediate,Not Certified,0.908,0.036
OPR0166,Arjun Verma,FAC004,Evening,6.0,Intermediate,Certified,0.8,0.016
OPR0167,Meera Gupta,FAC003,Evening,9.1,Senior,Certified,0.918,0.006
OPR0168,Vivaan Reddy,FAC006,Night,6.3,Intermediate,Certified,0.849,0.016
OPR0169,Nitin Patel,FAC010,Morning,17.2,Senior,Expired,0.912,0.026
OPR0170,Meera Nair,FAC004,Night,4.1,Intermediate,Expired,0.885,0.036
OPR0171,Neha Singh,FAC001,Evening,15.9,Senior,Certified,0.914,0.006
OPR0172,Rahul Kumar,FAC010,Evening,9.7,Senior,Certified,0.92,0.006
OPR0173,Ishaan Kumar,FAC004,Evening,8.5,Senior,Certified,0.866,0.006
OPR0174,Aman Verma,FAC003,Morning,11.1,Senior,Certified,0.981,0.006
OPR0175,Vikram Nair,FAC008,Morning,15.6,Senior,Certified,0.923,0.006
OPR0176,Rahul Kumar,FAC009,Evening,9.9,Senior,Certified,0.882,0.006
OPR0177,Nitin Nair,FAC003,Morning,2.0,Junior,Certified,0.96,0.032
OPR0178,Neha Sharma,FAC009,Night,19.4,Senior,Certified,0.861,0.006
OPR0179,Kavya Sharma,FAC008,Morning,14.3,Senior,Certified,0.83,0.006
OPR0180,Vikram Gupta,FAC003,Morning,14.6,Senior,Certified,0.768,0.006
OPR0181,Aarav Patel,FAC010,Morning,0.3,Junior,Certified,0.978,0.032
OPR0182,Neha Sharma,FAC009,Morning,4.6,Intermediate,Certified,0.908,0.016
OPR0183,Sai Reddy,FAC008,Evening,17.1,Senior,Certified,0.771,0.006
OPR0184,Nitin Yadav,FAC006,Night,10.1,Senior,Not Certified,0.915,0.026
OPR0185,Ananya Reddy,FAC008,Night,6.8,Intermediate,Certified,0.913,0.016
OPR0186,Rohan Reddy,FAC004,Evening,6.5,Intermediate,Certified,0.96,0.016
OPR0187,Aman Nair,FAC009,Night,13.8,Senior,Certified,0.85,0.006
OPR0188,Nitin Nair,FAC001,Evening,18.4,Senior,Not Certified,0.944,0.026
OPR0189,Arjun Mehta,FAC005,Morning,1.6,Junior,Certified,0.852,0.032
OPR0190,Arjun Nair,FAC006,Night,7.1,Intermediate,Certified,0.895,0.016
OPR0191,Rahul Kumar,FAC002,Night,16.0,Senior,Certified,0.783,0.006
OPR0192,Aditya Kumar,FAC009,Night,16.7,Senior,Certified,0.768,0.006
OPR0193,Pooja Sharma,FAC010,Evening,12.4,Senior,Certified,0.794,0.006
OPR0194,Karan Singh,FAC006,Morning,10.1,Senior,Certified,0.93,0.006
OPR0195,Aman Sharma,FAC006,Night,12.9,Senior,Expired,0.85,0.026
OPR0196,Neha Singh,FAC007,Night,5.3,Intermediate,Certified,0.902,0.016
OPR0197,Priya Verma,FAC001,Night,0.6,Junior,Certified,0.99,0.032
OPR0198,Simran Reddy,FAC003,Morning,9.0,Senior,Certified,0.971,0.006
OPR0199,Ishaan Nair,FAC004,Evening,2.2,Junior,Certified,0.787,0.032
OPR0200,Nitin Nair,FAC006,Evening,10.1,Senior,Certified,0.985,0.006
OPR0201,Nitin Verma,FAC002,Evening,7.1,Intermediate,Certified,0.868,0.016
OPR0202,Aditya Yadav,FAC004,Night,6.7,Intermediate,Certified,0.899,0.016
OPR0203,Rohan Kumar,FAC005,Morning,5.8,Intermediate,Certified,0.944,0.016
OPR0204,Pooja Patel,FAC006,Morning,10.4,Senior,Certified,0.947,0.006
OPR0205,Ishaan Nair,FAC004,Night,13.2,Senior,Certified,0.825,0.006
OPR0206,Neha Verma,FAC002,Morning,19.0,Senior,Certified,0.885,0.006
OPR0207,Pooja Kumar,FAC009,Evening,10.3,Senior,Certified,0.775,0.006
OPR0208,Nitin Yadav,FAC003,Morning,4.4,Intermediate,Certified,0.885,0.016
OPR0209,Karan Kumar,FAC007,Morning,16.1,Senior,Certified,0.944,0.006
OPR0210,Karan Nair,FAC003,Night,7.1,Intermediate,Certified,0.971,0.016
OPR0211,Kavya Mehta,FAC004,Evening,13.8,Senior,Certified,0.968,0.006
OPR0212,Arjun Yadav,FAC005,Evening,17.3,Senior,Certified,0.916,0.006
OPR0213,Simran Verma,FAC005,Morning,15.5,Senior,Certified,0.873,0.006
OPR0214,Vivaan Patel,FAC006,Evening,16.6,Senior,Certified,0.971,0.006
OPR0215,Rohan Kumar,FAC002,Night,17.7,Senior,Expired,0.771,0.026
OPR0216,Ananya Gupta,FAC002,Morning,1.9,Junior,Certified,0.806,0.032
OPR0217,Rahul Yadav,FAC009,Morning,12.3,Senior,Certified,0.77,0.006
OPR0218,Kavya Reddy,FAC010,Morning,13.0,Senior,Certified,0.844,0.006
OPR0219,Sai Reddy,FAC010,Evening,19.1,Senior,Certified,0.961,0.006
OPR0220,Sai Reddy,FAC004,Morning,10.4,Senior,Certified,0.92,0.006
OPR0221,Karan Reddy,FAC007,Night,18.7,Senior,Expired,0.824,0.026
OPR0222,Arjun Sharma,FAC007,Night,2.4,Junior,Certified,0.921,0.032
OPR0223,Sai Kumar,FAC003,Morning,17.1,Senior,Certified,0.95,0.006
OPR0224,Aarav Reddy,FAC007,Evening,5.1,Intermediate,Certified,0.845,0.016
OPR0225,Aarav Patel,FAC005,Morning,19.5,Senior,Certified,0.884,0.006
OPR0226,Arjun Patel,FAC001,Morning,3.0,Intermediate,Certified,0.854,0.016
OPR0227,Priya Singh,FAC006,Night,0.2,Junior,Certified,0.83,0.032
OPR0228,Rahul Verma,FAC001,Night,3.7,Intermediate,Certified,0.934,0.016
OPR0229,Riya Verma,FAC007,Evening,2.3,Junior,Certified,0.892,0.032
OPR0230,Nitin Kumar,FAC005,Evening,1.0,Junior,Certified,0.786,0.032
OPR0231,Nitin Nair,FAC009,Evening,13.9,Senior,Certified,0.9,0.006
OPR0232,Meera Kumar,FAC008,Morning,19.3,Senior,Certified,0.99,0.006
OPR0233,Sai Singh,FAC007,Evening,16.7,Senior,Certified,0.863,0.006
OPR0234,Ishaan Verma,FAC006,Night,2.2,Junior,Certified,0.919,0.032
OPR0235,Vivaan Reddy,FAC005,Night,3.7,Intermediate,Certified,0.841,0.016
OPR0236,Simran Kumar,FAC004,Morning,9.2,Senior,Certified,0.969,0.006
OPR0237,Arjun Yadav,FAC003,Night,15.4,Senior,Certified,0.808,0.006
OPR0238,Pooja Yadav,FAC010,Evening,3.1,Intermediate,Certified,0.807,0.016
OPR0239,Riya Mehta,FAC010,Evening,2.7,Junior,Certified,0.802,0.032
OPR0240,Meera Gupta,FAC001,Night,2.1,Junior,Certified,0.923,0.032
OPR0241,Kavya Mehta,FAC008,Night,18.8,Senior,Certified,0.961,0.006
OPR0242,Pooja Kumar,FAC007,Evening,2.6,Junior,Certified,0.927,0.032
OPR0243,Aditya Gupta,FAC005,Evening,7.1,Intermediate,Certified,0.943,0.016
OPR0244,Rohan Reddy,FAC002,Evening,2.5,Junior,Certified,0.772,0.032
OPR0245,Vivaan Patel,FAC005,Evening,13.4,Senior,Certified,0.805,0.006
OPR0246,Aditya Yadav,FAC009,Evening,7.7,Intermediate,Expired,0.966,0.036
OPR0247,Kavya Kumar,FAC002,Morning,11.2,Senior,Expired,0.871,0.026
OPR0248,Simran Kumar,FAC003,Morning,0.4,Junior,Certified,0.902,0.032
OPR0249,Sai Reddy,FAC008,Night,3.0,Intermediate,Expired,0.849,0.036
OPR0250,Priya Reddy,FAC008,Evening,9.7,Senior,Certified,0.902,0.006
OPR0251,Sai Nair,FAC008,Evening,6.1,Intermediate,Not Certified,0.93,0.036
OPR0252,Riya Nair,FAC003,Evening,0.4,Junior,Certified,0.908,0.032
OPR0253,Nitin Patel,FAC006,Evening,12.2,Senior,Certified,0.856,0.006
OPR0254,Rahul Singh,FAC010,Morning,5.7,Intermediate,Expired,0.992,0.036
OPR0255,Vivaan Nair,FAC004,Evening,1.8,Junior,Certified,0.86,0.032
OPR0256,Aman Nair,FAC005,Night,19.6,Senior,Certified,0.789,0.006
OPR0257,Aman Verma,FAC002,Evening,16.5,Senior,Certified,0.802,0.006
OPR0258,Pooja Singh,FAC008,Night,8.7,Senior,Certified,0.944,0.006
OPR0259,Karan Gupta,FAC004,Morning,19.5,Senior,Certified,0.962,0.006
OPR0260,Simran Singh,FAC001,Night,3.1,Intermediate,Certified,0.798,0.016
OPR0261,Kavya Yadav,FAC010,Morning,13.6,Senior,Certified,0.777,0.006
OPR0262,Kavya Sharma,FAC007,Morning,6.2,Intermediate,Certified,0.818,0.016
OPR0263,Aman Singh,FAC004,Night,15.3,Senior,Certified,0.962,0.006
OPR0264,Ishaan Mehta,FAC002,Evening,13.8,Senior,Certified,0.782,0.006
OPR0265,Priya Nair,FAC004,Morning,11.3,Senior,Certified,0.809,0.006
OPR0266,Vivaan Yadav,FAC004,Morning,4.9,Intermediate,Certified,0.971,0.016
OPR0267,Ananya Gupta,FAC008,Night,0.6,Junior,Certified,0.908,0.032
OPR0268,Aarav Kumar,FAC007,Night,4.9,Intermediate,Certified,0.942,0.016
OPR0269,Ishaan Mehta,FAC007,Evening,1.9,Junior,Certified,0.8,0.032
OPR0270,Neha Kumar,FAC007,Night,8.4,Senior,Certified,0.844,0.006
OPR0271,Pooja Yadav,FAC004,Night,13.2,Senior,Certified,0.824,0.006
OPR0272,Riya Patel,FAC010,Evening,2.6,Junior,Certified,0.931,0.032
OPR0273,Simran Mehta,FAC009,Night,16.8,Senior,Certified,0.812,0.006
OPR0274,Aman Reddy,FAC006,Night,19.3,Senior,Certified,0.83,0.006
OPR0275,Ishaan Nair,FAC006,Morning,5.2,Intermediate,Certified,0.972,0.016
OPR0276,Meera Kumar,FAC004,Evening,1.0,Junior,Certified,0.825,0.032
OPR0277,Riya Singh,FAC004,Evening,15.2,Senior,Not Certified,0.917,0.026
OPR0278,Vikram Yadav,FAC008,Evening,13.3,Senior,Not Certified,0.921,0.026
OPR0279,Simran Singh,FAC006,Night,18.9,Senior,Certified,0.771,0.006
OPR0280,Neha Reddy,FAC005,Night,7.0,Intermediate,Certified,0.837,0.016
OPR0281,Arjun Kumar,FAC008,Morning,5.1,Intermediate,Certified,0.977,0.016
OPR0282,Simran Singh,FAC009,Evening,12.6,Senior,Certified,0.905,0.006
OPR0283,Rohan Verma,FAC009,Night,7.5,Intermediate,Certified,0.963,0.016
OPR0284,Neha Patel,FAC004,Night,7.4,Intermediate,Not Certified,0.933,0.036
OPR0285,Aarav Gupta,FAC002,Evening,6.9,Intermediate,Certified,0.975,0.016
OPR0286,Aarav Mehta,FAC003,Night,8.1,Senior,Certified,0.934,0.006
OPR0287,Rohan Verma,FAC006,Evening,6.6,Intermediate,Certified,0.983,0.016
OPR0288,Aditya Yadav,FAC001,Morning,3.6,Intermediate,Expired,0.816,0.036
OPR0289,Karan Sharma,FAC007,Evening,4.8,Intermediate,Certified,0.891,0.016
OPR0290,Ananya Patel,FAC009,Morning,6.3,Intermediate,Certified,0.864,0.016
OPR0291,Pooja Nair,FAC010,Morning,3.7,Intermediate,Certified,0.864,0.016
OPR0292,Vikram Gupta,FAC007,Evening,6.3,Intermediate,Certified,0.936,0.016
OPR0293,Pooja Nair,FAC007,Morning,1.5,Junior,Certified,0.906,0.032
OPR0294,Neha Reddy,FAC004,Evening,18.7,Senior,Certified,0.762,0.006
OPR0295,Aman Kumar,FAC007,Evening,8.8,Senior,Certified,0.779,0.006
OPR0296,Neha Verma,FAC002,Evening,13.5,Senior,Certified,0.772,0.006
OPR0297,Vivaan Patel,FAC003,Morning,10.5,Senior,Expired,0.869,0.026
OPR0298,Neha Reddy,FAC006,Evening,12.4,Senior,Expired,0.922,0.026
OPR0299,Rohan Gupta,FAC001,Morning,2.4,Junior,Certified,0.773,0.032
OPR0300,Kavya Verma,FAC004,Evening,2.3,Junior,Not Certified,0.921,0.052
OPR0301,Pooja Verma,FAC009,Morning,7.9,Intermediate,Certified,0.912,0.016
OPR0302,Rohan Gupta,FAC005,Night,19.5,Senior,Certified,0.943,0.006
OPR0303,Ananya Kumar,FAC001,Evening,8.4,Senior,Certified,0.994,0.006
OPR0304,Riya Gupta,FAC004,Morning,2.3,Junior,Certified,0.817,0.032
OPR0305,Arjun Verma,FAC010,Evening,11.8,Senior,Certified,0.774,0.006
OPR0306,Vivaan Mehta,FAC010,Morning,11.2,Senior,Certified,0.953,0.006
OPR0307,Rahul Sharma,FAC009,Night,2.5,Junior,Certified,0.91,0.032
OPR0308,Ananya Singh,FAC008,Night,2.6,Junior,Expired,0.84,0.052
OPR0309,Rohan Reddy,FAC008,Morning,9.9,Senior,Expired,0.803,0.026
OPR0310,Kavya Nair,FAC005,Evening,6.2,Intermediate,Certified,0.83,0.016
OPR0311,Pooja Mehta,FAC004,Morning,5.5,Intermediate,Certified,0.764,0.016
OPR0312,Neha Verma,FAC008,Morning,19.9,Senior,Certified,0.98,0.006
OPR0313,Neha Yadav,FAC008,Evening,9.9,Senior,Certified,0.929,0.006
OPR0314,Priya Gupta,FAC003,Morning,3.3,Intermediate,Certified,0.855,0.016
OPR0315,Vikram Patel,FAC001,Night,15.6,Senior,Certified,0.994,0.006
OPR0316,Aman Verma,FAC005,Night,2.2,Junior,Certified,0.982,0.032
OPR0317,Aman Sharma,FAC009,Night,14.7,Senior,Certified,0.854,0.006
OPR0318,Rahul Kumar,FAC010,Morning,10.6,Senior,Certified,0.856,0.006
OPR0319,Aman Mehta,FAC010,Morning,1.3,Junior,Certified,0.822,0.032
OPR0320,Aman Singh,FAC005,Morning,13.1,Senior,Certified,0.946,0.006
OPR0321,Ananya Sharma,FAC003,Night,9.4,Senior,Certified,0.808,0.006
OPR0322,Kavya Verma,FAC009,Evening,15.3,Senior,Expired,0.833,0.026
OPR0323,Arjun Singh,FAC009,Evening,10.8,Senior,Certified,0.962,0.006
OPR0324,Rohan Singh,FAC001,Morning,10.9,Senior,Certified,0.988,0.006
OPR0325,Rohan Verma,FAC003,Morning,16.3,Senior,Certified,0.807,0.006
OPR0326,Aman Gupta,FAC008,Evening,7.0,Intermediate,Certified,0.846,0.016
OPR0327,Rohan Reddy,FAC002,Morning,19.3,Senior,Certified,0.76,0.006
OPR0328,Vivaan Singh,FAC010,Evening,19.8,Senior,Certified,0.787,0.006
OPR0329,Nitin Mehta,FAC007,Morning,3.9,Intermediate,Certified,0.845,0.016
OPR0330,Pooja Gupta,FAC008,Morning,13.6,Senior,Certified,0.873,0.006
OPR0331,Kavya Reddy,FAC002,Morning,12.1,Senior,Expired,0.946,0.026
OPR0332,Karan Sharma,FAC007,Night,17.6,Senior,Certified,0.934,0.006
OPR0333,Rohan Singh,FAC009,Morning,16.1,Senior,Certified,0.841,0.006
OPR0334,Simran Patel,FAC010,Evening,15.1,Senior,Certified,0.995,0.006
OPR0335,Neha Reddy,FAC005,Evening,4.9,Intermediate,Certified,0.806,0.016
OPR0336,Kavya Nair,FAC001,Evening,13.9,Senior,Certified,0.925,0.006
OPR0337,Vivaan Gupta,FAC001,Evening,18.0,Senior,Expired,0.956,0.026
OPR0338,Meera Mehta,FAC010,Morning,10.0,Senior,Certified,0.911,0.006
OPR0339,Simran Reddy,FAC006,Morning,5.8,Intermediate,Certified,0.776,0.016
OPR0340,Rahul Mehta,FAC010,Night,2.0,Junior,Certified,0.895,0.032
OPR0341,Priya Gupta,FAC004,Evening,15.9,Senior,Certified,0.968,0.006
OPR0342,Rahul Yadav,FAC004,Morning,12.1,Senior,Certified,0.839,0.006
OPR0343,Ananya Gupta,FAC005,Evening,5.7,Intermediate,Certified,0.869,0.016
OPR0344,Vivaan Nair,FAC001,Evening,9.5,Senior,Certified,0.909,0.006
OPR0345,Vikram Reddy,FAC010,Evening,4.0,Intermediate,Certified,0.841,0.016
OPR0346,Arjun Gupta,FAC010,Evening,5.4,Intermediate,Certified,0.951,0.016
OPR0347,Aman Yadav,FAC004,Night,10.1,Senior,Certified,0.92,0.006
OPR0348,Vikram Reddy,FAC008,Morning,18.3,Senior,Certified,0.857,0.006
OPR0349,Rahul Kumar,FAC005,Evening,18.3,Senior,Certified,0.83,0.006
OPR0350,Simran Kumar,FAC008,Evening,2.8,Junior,Certified,0.949,0.032
OPR0351,Sai Kumar,FAC007,Evening,6.5,Intermediate,Certified,0.768,0.016
OPR0352,Vivaan Verma,FAC007,Night,11.1,Senior,Certified,0.807,0.006
OPR0353,Priya Yadav,FAC004,Morning,15.8,Senior,Certified,0.912,0.006
OPR0354,Vikram Nair,FAC003,Evening,15.3,Senior,Certified,0.778,0.006
OPR0355,Aditya Gupta,FAC008,Night,1.3,Junior,Certified,0.947,0.032
OPR0356,Kavya Yadav,FAC004,Morning,11.8,Senior,Certified,0.813,0.006
OPR0357,Simran Sharma,FAC003,Morning,12.0,Senior,Certified,0.915,0.006
OPR0358,Nitin Singh,FAC004,Night,12.3,Senior,Certified,0.822,0.006
OPR0359,Nitin Patel,FAC007,Evening,5.4,Intermediate,Certified,0.779,0.016
OPR0360,Riya Sharma,FAC001,Night,8.6,Senior,Certified,0.79,0.006
OPR0361,Aditya Mehta,FAC008,Morning,19.2,Senior,Certified,0.767,0.006
OPR0362,Kavya Reddy,FAC001,Evening,5.2,Intermediate,Certified,0.869,0.016
OPR0363,Kavya Nair,FAC001,Morning,11.4,Senior,Certified,0.789,0.006
OPR0364,Karan Singh,FAC001,Morning,0.5,Junior,Certified,0.836,0.032
OPR0365,Riya Sharma,FAC004,Morning,4.0,Intermediate,Not Certified,0.763,0.036
OPR0366,Aditya Nair,FAC001,Morning,10.3,Senior,Not Certified,0.826,0.026
OPR0367,Arjun Nair,FAC001,Morning,5.7,Intermediate,Certified,0.769,0.016
OPR0368,Nitin Mehta,FAC001,Morning,2.1,Junior,Certified,0.952,0.032
OPR0369,Karan Reddy,FAC007,Night,18.2,Senior,Certified,0.853,0.006
OPR0370,Rohan Reddy,FAC008,Evening,10.3,Senior,Certified,0.902,0.006
OPR0371,Meera Gupta,FAC009,Evening,0.5,Junior,Not Certified,0.776,0.052
OPR0372,Riya Nair,FAC001,Evening,6.2,Intermediate,Certified,0.925,0.016
OPR0373,Ishaan Gupta,FAC008,Morning,0.3,Junior,Certified,0.944,0.032
OPR0374,Sai Yadav,FAC001,Night,5.4,Intermediate,Certified,0.924,0.016
OPR0375,Priya Verma,FAC009,Morning,4.7,Intermediate,Certified,0.974,0.016
OPR0376,Vikram Yadav,FAC002,Night,7.0,Intermediate,Expired,0.905,0.036
OPR0377,Meera Nair,FAC001,Evening,9.5,Senior,Certified,0.923,0.006
OPR0378,Aditya Nair,FAC006,Evening,13.4,Senior,Certified,0.858,0.006
OPR0379,Riya Mehta,FAC010,Morning,4.0,Intermediate,Certified,0.946,0.016
OPR0380,Nitin Patel,FAC010,Evening,17.6,Senior,Certified,0.914,0.006
OPR0381,Simran Singh,FAC008,Morning,11.4,Senior,Certified,0.93,0.006
OPR0382,Rahul Gupta,FAC004,Morning,16.1,Senior,Certified,0.925,0.006
OPR0383,Vikram Sharma,FAC002,Evening,3.0,Intermediate,Certified,0.9,0.016
OPR0384,Aman Sharma,FAC003,Morning,17.3,Senior,Certified,0.917,0.006
OPR0385,Arjun Gupta,FAC005,Evening,19.9,Senior,Certified,0.812,0.006
OPR0386,Neha Reddy,FAC001,Morning,9.7,Senior,Certified,0.873,0.006
OPR0387,Neha Gupta,FAC009,Morning,2.8,Junior,Certified,0.961,0.032
OPR0388,Vivaan Gupta,FAC003,Morning,18.4,Senior,Certified,0.991,0.006
OPR0389,Priya Kumar,FAC003,Morning,19.2,Senior,Not Certified,0.87,0.026
OPR0390,Simran Patel,FAC005,Night,7.2,Intermediate,Certified,0.941,0.016
OPR0391,Simran Verma,FAC010,Morning,14.5,Senior,Expired,0.776,0.026
OPR0392,Sai Singh,FAC005,Evening,2.9,Junior,Certified,0.901,0.032
OPR0393,Kavya Singh,FAC006,Evening,6.5,Intermediate,Not Certified,0.807,0.036
OPR0394,Rahul Singh,FAC004,Morning,12.9,Senior,Certified,0.966,0.006
OPR0395,Simran Gupta,FAC010,Morning,1.3,Junior,Certified,0.955,0.032
OPR0396,Karan Nair,FAC006,Evening,17.9,Senior,Certified,0.881,0.006
OPR0397,Pooja Yadav,FAC003,Evening,7.9,Intermediate,Certified,0.784,0.016
OPR0398,Vivaan Reddy,FAC003,Night,19.9,Senior,Certified,0.864,0.006
OPR0399,Ishaan Kumar,FAC007,Morning,4.0,Intermediate,Certified,0.869,0.016
OPR0400,Simran Singh,FAC001,Evening,13.2,Senior,Certified,0.786,0.006
OPR0401,Vivaan Gupta,FAC004,Evening,4.6,Intermediate,Certified,0.995,0.016
OPR0402,Riya Gupta,FAC006,Evening,11.4,Senior,Certified,0.87,0.006
OPR0403,Aditya Reddy,FAC003,Night,15.3,Senior,Certified,0.831,0.006
OPR0404,Aditya Patel,FAC009,Morning,11.1,Senior,Certified,0.919,0.006
OPR0405,Aditya Gupta,FAC005,Evening,19.4,Senior,Certified,0.883,0.006
OPR0406,Vikram Gupta,FAC002,Morning,10.4,Senior,Certified,0.927,0.006
OPR0407,Vivaan Nair,FAC003,Morning,3.5,Intermediate,Certified,0.803,0.016
OPR0408,Riya Gupta,FAC007,Morning,1.4,Junior,Certified,0.891,0.032
OPR0409,Meera Gupta,FAC001,Morning,18.8,Senior,Certified,0.909,0.006
OPR0410,Rahul Sharma,FAC008,Morning,5.7,Intermediate,Certified,0.784,0.016
OPR0411,Pooja Yadav,FAC007,Morning,19.0,Senior,Certified,0.918,0.006
OPR0412,Aditya Reddy,FAC010,Night,16.1,Senior,Certified,0.771,0.006
OPR0413,Ananya Verma,FAC007,Morning,15.5,Senior,Certified,0.801,0.006
OPR0414,Rohan Nair,FAC006,Morning,8.1,Senior,Certified,0.916,0.006
OPR0415,Vivaan Reddy,FAC005,Evening,17.3,Senior,Certified,0.877,0.006
OPR0416,Nitin Verma,FAC007,Morning,13.1,Senior,Certified,0.798,0.006
OPR0417,Meera Singh,FAC007,Evening,14.9,Senior,Certified,0.897,0.006
OPR0418,Vikram Nair,FAC004,Night,18.1,Senior,Certified,0.777,0.006
OPR0419,Aarav Singh,FAC004,Night,10.8,Senior,Certified,0.918,0.006
OPR0420,Priya Kumar,FAC006,Morning,19.0,Senior,Certified,0.936,0.006
OPR0421,Riya Singh,FAC005,Night,7.6,Intermediate,Certified,0.801,0.016
OPR0422,Meera Verma,FAC007,Morning,0.7,Junior,Certified,0.931,0.032
OPR0423,Kavya Nair,FAC009,Evening,14.2,Senior,Not Certified,0.928,0.026
OPR0424,Ishaan Gupta,FAC001,Morning,7.1,Intermediate,Certified,0.807,0.016
OPR0425,Rohan Verma,FAC006,Night,1.6,Junior,Certified,0.969,0.032
OPR0426,Simran Singh,FAC006,Evening,9.8,Senior,Certified,0.921,0.006
OPR0427,Rahul Reddy,FAC007,Evening,1.9,Junior,Certified,0.856,0.032
OPR0428,Arjun Verma,FAC006,Morning,2.3,Junior,Certified,0.785,0.032
OPR0429,Aditya Reddy,FAC006,Morning,6.2,Intermediate,Certified,0.937,0.016
OPR0430,Kavya Mehta,FAC006,Night,1.6,Junior,Certified,0.84,0.032
OPR0431,Karan Verma,FAC004,Evening,9.1,Senior,Certified,0.958,0.006
OPR0432,Meera Sharma,FAC001,Evening,19.5,Senior,Certified,0.919,0.006
OPR0433,Vivaan Verma,FAC003,Morning,18.9,Senior,Certified,0.783,0.006
OPR0434,Aarav Patel,FAC001,Morning,4.1,Intermediate,Certified,0.962,0.016
OPR0435,Ishaan Yadav,FAC010,Morning,13.3,Senior,Certified,0.928,0.006
OPR0436,Karan Yadav,FAC007,Morning,2.2,Junior,Certified,0.897,0.032
OPR0437,Aarav Nair,FAC007,Night,1.6,Junior,Certified,0.89,0.032
OPR0438,Neha Yadav,FAC003,Morning,11.4,Senior,Expired,0.859,0.026
OPR0439,Rohan Verma,FAC001,Night,0.7,Junior,Certified,0.987,0.032
OPR0440,Neha Singh,FAC006,Morning,17.0,Senior,Certified,0.923,0.006
OPR0441,Sai Singh,FAC003,Night,0.8,Junior,Certified,0.977,0.032
OPR0442,Aman Reddy,FAC009,Night,14.1,Senior,Certified,0.836,0.006
OPR0443,Neha Reddy,FAC010,Evening,9.3,Senior,Certified,0.787,0.006
OPR0444,Aditya Mehta,FAC007,Night,6.1,Intermediate,Certified,0.914,0.016
OPR0445,Pooja Patel,FAC010,Evening,9.6,Senior,Certified,0.855,0.006
OPR0446,Vivaan Reddy,FAC003,Evening,1.1,Junior,Certified,0.825,0.032
OPR0447,Riya Yadav,FAC001,Morning,19.6,Senior,Certified,0.969,0.006
OPR0448,Aman Verma,FAC004,Night,3.2,Intermediate,Not Certified,0.993,0.036
OPR0449,Sai Verma,FAC006,Morning,5.5,Intermediate,Certified,0.864,0.016
OPR0450,Sai Yadav,FAC006,Morning,10.7,Senior,Certified,0.92,0.006
OPR0451,Neha Gupta,FAC005,Evening,18.9,Senior,Certified,0.961,0.006
OPR0452,Ananya Verma,FAC009,Morning,13.3,Senior,Certified,0.814,0.006
OPR0453,Priya Reddy,FAC003,Morning,9.2,Senior,Certified,0.952,0.006
OPR0454,Ananya Gupta,FAC004,Morning,12.8,Senior,Certified,0.87,0.006
OPR0455,Meera Gupta,FAC007,Evening,0.4,Junior,Expired,0.762,0.052
OPR0456,Ishaan Verma,FAC009,Evening,17.0,Senior,Certified,0.876,0.006
OPR0457,Arjun Verma,FAC009,Morning,8.2,Senior,Certified,0.802,0.006
OPR0458,Neha Kumar,FAC008,Evening,17.2,Senior,Certified,0.861,0.006
OPR0459,Aarav Sharma,FAC005,Night,15.3,Senior,Certified,0.832,0.006
OPR0460,Sai Sharma,FAC007,Night,3.4,Intermediate,Certified,0.945,0.016
OPR0461,Aman Sharma,FAC006,Morning,2.5,Junior,Not Certified,0.809,0.052
OPR0462,Vikram Kumar,FAC006,Evening,14.3,Senior,Certified,0.914,0.006
OPR0463,Rahul Verma,FAC009,Night,10.2,Senior,Certified,0.809,0.006
OPR0464,Simran Singh,FAC004,Evening,6.9,Intermediate,Certified,0.866,0.016
OPR0465,Meera Patel,FAC008,Morning,7.6,Intermediate,Certified,0.984,0.016
OPR0466,Sai Nair,FAC007,Night,5.1,Intermediate,Certified,0.802,0.016
OPR0467,Aman Sharma,FAC003,Night,1.2,Junior,Expired,0.906,0.052
OPR0468,Rahul Reddy,FAC007,Evening,7.1,Intermediate,Certified,0.867,0.016
OPR0469,Kavya Mehta,FAC002,Night,19.7,Senior,Certified,0.825,0.006
OPR0470,Sai Nair,FAC008,Night,14.1,Senior,Not Certified,0.972,0.026
OPR0471,Riya Singh,FAC003,Evening,18.2,Senior,Certified,0.82,0.006
OPR0472,Nitin Sharma,FAC009,Evening,6.1,Intermediate,Certified,0.801,0.016
OPR0473,Riya Verma,FAC001,Night,10.3,Senior,Certified,0.936,0.006
OPR0474,Ananya Verma,FAC007,Morning,10.0,Senior,Certified,0.843,0.006
OPR0475,Sai Patel,FAC006,Evening,13.5,Senior,Certified,0.815,0.006
OPR0476,Vikram Patel,FAC001,Evening,12.8,Senior,Certified,0.936,0.006
OPR0477,Pooja Sharma,FAC002,Night,7.2,Intermediate,Certified,0.866,0.016
OPR0478,Rohan Sharma,FAC002,Morning,15.2,Senior,Certified,0.987,0.006
OPR0479,Vivaan Mehta,FAC006,Morning,4.5,Intermediate,Certified,0.808,0.016
OPR0480,Sai Sharma,FAC004,Evening,13.1,Senior,Certified,0.853,0.006
OPR0481,Aman Sharma,FAC010,Evening,10.1,Senior,Certified,0.93,0.006
OPR0482,Vikram Nair,FAC008,Night,14.0,Senior,Certified,0.951,0.006
OPR0483,Ishaan Nair,FAC007,Morning,9.4,Senior,Certified,0.88,0.006
OPR0484,Rahul Mehta,FAC002,Morning,13.6,Senior,Not Certified,0.791,0.026
OPR0485,Pooja Yadav,FAC005,Evening,3.0,Intermediate,Certified,0.84,0.016
OPR0486,Nitin Gupta,FAC003,Morning,6.5,Intermediate,Expired,0.894,0.036
OPR0487,Aarav Sharma,FAC005,Morning,14.5,Senior,Certified,0.935,0.006
OPR0488,Vikram Yadav,FAC005,Morning,0.2,Junior,Certified,0.772,0.032
OPR0489,Pooja Verma,FAC004,Night,12.1,Senior,Not Certified,0.807,0.026
OPR0490,Ananya Mehta,FAC009,Morning,17.4,Senior,Certified,0.944,0.006
OPR0491,Aman Gupta,FAC001,Morning,18.3,Senior,Certified,0.896,0.006
OPR0492,Arjun Kumar,FAC009,Evening,17.2,Senior,Certified,0.916,0.006
OPR0493,Priya Kumar,FAC002,Night,10.2,Senior,Certified,0.825,0.006
OPR0494,Pooja Singh,FAC005,Night,6.2,Intermediate,Certified,0.829,0.016
OPR0495,Aarav Verma,FAC006,Morning,11.2,Senior,Certified,0.818,0.006
OPR0496,Neha Sharma,FAC002,Morning,10.2,Senior,Certified,0.966,0.006
OPR0497,Meera Kumar,FAC009,Morning,13.3,Senior,Certified,0.969,0.006
OPR0498,Arjun Gupta,FAC005,Morning,17.4,Senior,Certified,0.769,0.006
OPR0499,Nitin Nair,FAC010,Night,19.6,Senior,Certified,0.902,0.006
OPR0500,Karan Sharma,FAC004,Night,15.0,Senior,Certified,0.988,0.006
OPR0501,Arjun Yadav,FAC007,Morning,5.7,Intermediate,Certified,0.821,0.016
OPR0502,Ishaan Sharma,FAC001,Morning,13.4,Senior,Certified,0.877,0.006
OPR0503,Rohan Singh,FAC001,Evening,10.1,Senior,Certified,0.858,0.006
OPR0504,Priya Reddy,FAC008,Morning,11.5,Senior,Certified,0.981,0.006
OPR0505,Vikram Patel,FAC004,Evening,18.4,Senior,Certified,0.976,0.006
OPR0506,Ishaan Sharma,FAC007,Morning,16.2,Senior,Certified,0.978,0.006
OPR0507,Kavya Nair,FAC009,Morning,11.1,Senior,Certified,0.838,0.006
OPR0508,Meera Gupta,FAC004,Evening,4.5,Intermediate,Certified,0.87,0.016
OPR0509,Simran Patel,FAC007,Evening,15.2,Senior,Certified,0.885,0.006
OPR0510,Rahul Sharma,FAC005,Evening,6.6,Intermediate,Certified,0.944,0.016
OPR0511,Vivaan Nair,FAC006,Morning,7.6,Intermediate,Certified,0.791,0.016
OPR0512,Ishaan Nair,FAC009,Morning,6.9,Intermediate,Certified,0.959,0.016
OPR0513,Ananya Patel,FAC005,Morning,2.3,Junior,Certified,0.894,0.032
OPR0514,Neha Reddy,FAC004,Evening,19.0,Senior,Certified,0.913,0.006
OPR0515,Aditya Sharma,FAC008,Morning,6.2,Intermediate,Certified,0.864,0.016
OPR0516,Neha Kumar,FAC003,Morning,3.0,Intermediate,Certified,0.8,0.016
OPR0517,Ishaan Yadav,FAC005,Morning,3.2,Intermediate,Certified,0.984,0.016
OPR0518,Aarav Verma,FAC010,Night,3.1,Intermediate,Certified,0.991,0.016
OPR0519,Pooja Gupta,FAC004,Morning,0.8,Junior,Certified,0.941,0.032
OPR0520,Meera Gupta,FAC009,Night,8.3,Senior,Certified,0.921,0.006
OPR0521,Nitin Nair,FAC002,Evening,14.2,Senior,Certified,0.892,0.006
OPR0522,Riya Mehta,FAC006,Night,18.3,Senior,Certified,0.82,0.006
OPR0523,Sai Nair,FAC004,Evening,0.5,Junior,Certified,0.959,0.032
OPR0524,Ananya Kumar,FAC006,Morning,0.7,Junior,Certified,0.904,0.032
OPR0525,Vikram Mehta,FAC004,Morning,4.2,Intermediate,Certified,0.94,0.016
OPR0526,Ananya Reddy,FAC001,Morning,0.2,Junior,Certified,0.976,0.032
OPR0527,Ananya Kumar,FAC002,Night,7.3,Intermediate,Not Certified,0.88,0.036
OPR0528,Vivaan Mehta,FAC004,Morning,1.6,Junior,Certified,0.781,0.032
OPR0529,Kavya Yadav,FAC008,Night,7.9,Intermediate,Certified,0.985,0.016
OPR0530,Neha Yadav,FAC006,Night,8.8,Senior,Certified,0.852,0.006
OPR0531,Rohan Kumar,FAC004,Evening,0.3,Junior,Expired,0.805,0.052
OPR0532,Simran Singh,FAC002,Evening,9.2,Senior,Certified,0.775,0.006
OPR0533,Aman Kumar,FAC010,Night,14.6,Senior,Expired,0.846,0.026
OPR0534,Meera Kumar,FAC008,Evening,10.9,Senior,Certified,0.786,0.006
OPR0535,Ananya Yadav,FAC005,Night,2.0,Junior,Certified,0.984,0.032
OPR0536,Vivaan Sharma,FAC002,Evening,8.2,Senior,Certified,0.944,0.006
OPR0537,Vikram Kumar,FAC007,Night,13.6,Senior,Certified,0.928,0.006
OPR0538,Karan Nair,FAC008,Evening,12.3,Senior,Expired,0.976,0.026
OPR0539,Vivaan Verma,FAC001,Night,14.9,Senior,Certified,0.916,0.006
OPR0540,Aditya Mehta,FAC001,Morning,14.4,Senior,Certified,0.824,0.006
OPR0541,Aarav Yadav,FAC004,Morning,3.9,Intermediate,Expired,0.819,0.036
OPR0542,Nitin Nair,FAC008,Evening,12.0,Senior,Certified,0.939,0.006
OPR0543,Pooja Sharma,FAC004,Morning,15.4,Senior,Certified,0.947,0.006
OPR0544,Priya Mehta,FAC005,Morning,19.6,Senior,Certified,0.767,0.006
OPR0545,Rohan Verma,FAC009,Night,12.0,Senior,Certified,0.979,0.006
OPR0546,Vikram Sharma,FAC008,Night,4.6,Intermediate,Not Certified,0.77,0.036
OPR0547,Simran Yadav,FAC004,Morning,15.1,Senior,Certified,0.891,0.006
OPR0548,Aarav Reddy,FAC006,Morning,7.6,Intermediate,Expired,0.941,0.036
OPR0549,Arjun Kumar,FAC009,Morning,13.6,Senior,Certified,0.896,0.006
OPR0550,Sai Sharma,FAC007,Evening,19.8,Senior,Certified,0.928,0.006
OPR0551,Sai Reddy,FAC004,Night,12.3,Senior,Certified,0.908,0.006
OPR0552,Simran Patel,FAC001,Morning,0.6,Junior,Certified,0.906,0.032
OPR0553,Priya Gupta,FAC002,Night,15.1,Senior,Certified,0.834,0.006
OPR0554,Arjun Verma,FAC008,Morning,0.5,Junior,Certified,0.923,0.032
OPR0555,Kavya Kumar,FAC002,Evening,8.7,Senior,Certified,0.937,0.006
OPR0556,Karan Singh,FAC002,Morning,3.2,Intermediate,Certified,0.768,0.016
OPR0557,Simran Singh,FAC004,Night,17.3,Senior,Certified,0.988,0.006
OPR0558,Sai Patel,FAC006,Evening,3.1,Intermediate,Certified,0.96,0.016
OPR0559,Kavya Verma,FAC006,Night,2.2,Junior,Certified,0.955,0.032
OPR0560,Aman Singh,FAC001,Evening,1.4,Junior,Certified,0.969,0.032
OPR0561,Vivaan Gupta,FAC004,Morning,5.8,Intermediate,Certified,0.892,0.016
OPR0562,Simran Singh,FAC002,Morning,13.0,Senior,Certified,0.987,0.006
OPR0563,Meera Reddy,FAC004,Evening,14.8,Senior,Certified,0.836,0.006
OPR0564,Ishaan Reddy,FAC006,Evening,3.6,Intermediate,Certified,0.811,0.016
OPR0565,Ananya Yadav,FAC006,Evening,11.4,Senior,Certified,0.884,0.006
OPR0566,Kavya Reddy,FAC009,Morning,15.3,Senior,Certified,0.822,0.006
OPR0567,Rohan Sharma,FAC003,Evening,2.0,Junior,Certified,0.956,0.032
OPR0568,Nitin Singh,FAC005,Evening,10.0,Senior,Certified,0.865,0.006
OPR0569,Rahul Patel,FAC007,Night,11.7,Senior,Certified,0.77,0.006
OPR0570,Aman Verma,FAC009,Evening,7.7,Intermediate,Expired,0.989,0.036
OPR0571,Rahul Nair,FAC001,Evening,17.4,Senior,Certified,0.929,0.006
OPR0572,Aman Patel,FAC004,Morning,16.3,Senior,Certified,0.781,0.006
OPR0573,Arjun Patel,FAC004,Night,1.1,Junior,Certified,0.989,0.032
OPR0574,Aman Reddy,FAC006,Night,16.3,Senior,Certified,0.858,0.006
OPR0575,Rahul Verma,FAC009,Evening,18.0,Senior,Certified,0.783,0.006
OPR0576,Sai Mehta,FAC004,Evening,12.1,Senior,Certified,0.949,0.006
OPR0577,Karan Yadav,FAC004,Morning,13.0,Senior,Certified,0.965,0.006
OPR0578,Priya Singh,FAC003,Night,10.1,Senior,Certified,0.871,0.006
OPR0579,Karan Patel,FAC006,Night,14.9,Senior,Certified,0.904,0.006
OPR0580,Ananya Gupta,FAC005,Evening,20.0,Senior,Certified,0.933,0.006
OPR0581,Simran Reddy,FAC006,Morning,11.0,Senior,Not Certified,0.882,0.026
OPR0582,Priya Nair,FAC009,Night,18.9,Senior,Certified,0.962,0.006
OPR0583,Sai Yadav,FAC005,Night,2.5,Junior,Certified,0.961,0.032
OPR0584,Aarav Singh,FAC008,Morning,19.5,Senior,Certified,0.897,0.006
OPR0585,Meera Sharma,FAC007,Morning,14.2,Senior,Certified,0.926,0.006
OPR0586,Aditya Gupta,FAC007,Morning,15.2,Senior,Certified,0.952,0.006
OPR0587,Nitin Nair,FAC008,Evening,3.2,Intermediate,Certified,0.824,0.016
OPR0588,Aditya Sharma,FAC004,Evening,12.4,Senior,Certified,0.911,0.006
OPR0589,Ishaan Verma,FAC001,Morning,6.2,Intermediate,Certified,0.988,0.016
OPR0590,Sai Kumar,FAC010,Night,13.5,Senior,Certified,0.902,0.006
OPR0591,Karan Yadav,FAC002,Night,9.1,Senior,Expired,0.835,0.026
OPR0592,Riya Singh,FAC001,Evening,13.8,Senior,Certified,0.904,0.006
OPR0593,Karan Sharma,FAC008,Morning,13.0,Senior,Certified,0.976,0.006
OPR0594,Sai Mehta,FAC003,Evening,6.9,Intermediate,Not Certified,0.922,0.036
OPR0595,Arjun Mehta,FAC004,Morning,16.3,Senior,Certified,0.909,0.006
OPR0596,Ishaan Nair,FAC009,Evening,2.2,Junior,Certified,0.949,0.032
OPR0597,Simran Patel,FAC007,Night,1.7,Junior,Certified,0.919,0.032
OPR0598,Vikram Sharma,FAC009,Evening,13.1,Senior,Certified,0.852,0.006
OPR0599,Ishaan Patel,FAC004,Night,3.8,Intermediate,Certified,0.813,0.016
OPR0600,Riya Sharma,FAC008,Morning,15.4,Senior,Certified,0.974,0.006
OPR0601,Sai Kumar,FAC001,Evening,6.9,Intermediate,Certified,0.978,0.016
OPR0602,Ishaan Kumar,FAC008,Evening,10.8,Senior,Certified,0.853,0.006
OPR0603,Rahul Nair,FAC010,Night,11.0,Senior,Certified,0.941,0.006
OPR0604,Kavya Yadav,FAC010,Night,7.5,Intermediate,Expired,0.906,0.036
OPR0605,Riya Kumar,FAC009,Evening,13.9,Senior,Certified,0.949,0.006
OPR0606,Aditya Yadav,FAC007,Morning,12.7,Senior,Expired,0.847,0.026
OPR0607,Pooja Reddy,FAC001,Night,15.2,Senior,Not Certified,0.929,0.026
OPR0608,Meera Nair,FAC005,Night,4.2,Intermediate,Expired,0.93,0.036
OPR0609,Meera Reddy,FAC002,Morning,9.0,Senior,Certified,0.886,0.006
OPR0610,Aarav Reddy,FAC001,Night,17.1,Senior,Certified,0.875,0.006
OPR0611,Rahul Sharma,FAC005,Night,18.4,Senior,Certified,0.788,0.006
OPR0612,Rahul Singh,FAC003,Evening,1.3,Junior,Certified,0.948,0.032
OPR0613,Riya Yadav,FAC010,Night,3.7,Intermediate,Certified,0.815,0.016
OPR0614,Vikram Reddy,FAC001,Evening,5.5,Intermediate,Certified,0.812,0.016
OPR0615,Nitin Nair,FAC007,Night,13.2,Senior,Certified,0.894,0.006
OPR0616,Aman Yadav,FAC010,Morning,8.5,Senior,Certified,0.927,0.006
OPR0617,Meera Patel,FAC008,Evening,4.6,Intermediate,Certified,0.822,0.016
OPR0618,Pooja Sharma,FAC005,Evening,11.6,Senior,Certified,0.975,0.006
OPR0619,Karan Patel,FAC006,Morning,17.4,Senior,Certified,0.937,0.006
OPR0620,Karan Mehta,FAC001,Evening,13.7,Senior,Certified,0.846,0.006
OPR0621,Meera Gupta,FAC001,Morning,2.0,Junior,Certified,0.898,0.032
OPR0622,Simran Yadav,FAC001,Night,13.0,Senior,Certified,0.861,0.006
OPR0623,Simran Gupta,FAC003,Evening,12.1,Senior,Certified,0.802,0.006
OPR0624,Pooja Verma,FAC010,Night,3.1,Intermediate,Certified,0.763,0.016
OPR0625,Pooja Gupta,FAC006,Evening,19.1,Senior,Certified,0.863,0.006
OPR0626,Aditya Kumar,FAC010,Evening,9.0,Senior,Certified,0.806,0.006
OPR0627,Rohan Patel,FAC005,Night,1.4,Junior,Certified,0.93,0.032
OPR0628,Aarav Yadav,FAC010,Morning,1.5,Junior,Certified,0.867,0.032
OPR0629,Nitin Nair,FAC004,Morning,3.0,Intermediate,Certified,0.965,0.016
OPR0630,Neha Kumar,FAC007,Night,15.6,Senior,Certified,0.817,0.006
OPR0631,Rohan Kumar,FAC002,Night,16.4,Senior,Certified,0.971,0.006
OPR0632,Rahul Patel,FAC007,Morning,13.5,Senior,Certified,0.971,0.006
OPR0633,Riya Singh,FAC009,Night,14.2,Senior,Certified,0.961,0.006
OPR0634,Nitin Sharma,FAC007,Morning,14.7,Senior,Certified,0.858,0.006
OPR0635,Vivaan Sharma,FAC007,Evening,12.3,Senior,Not Certified,0.989,0.026
OPR0636,Arjun Reddy,FAC004,Evening,11.4,Senior,Certified,0.903,0.006
OPR0637,Riya Singh,FAC003,Evening,8.8,Senior,Certified,0.957,0.006
OPR0638,Aarav Gupta,FAC008,Morning,14.3,Senior,Certified,0.815,0.006
OPR0639,Aman Kumar,FAC008,Evening,8.0,Senior,Certified,0.861,0.006
OPR0640,Aman Nair,FAC001,Evening,5.6,Intermediate,Certified,0.814,0.016
OPR0641,Kavya Mehta,FAC002,Morning,8.4,Senior,Expired,0.971,0.026
OPR0642,Aditya Nair,FAC010,Morning,1.8,Junior,Certified,0.924,0.032
OPR0643,Ananya Verma,FAC006,Morning,13.7,Senior,Certified,0.886,0.006
OPR0644,Priya Singh,FAC001,Evening,16.5,Senior,Certified,0.891,0.006
OPR0645,Aditya Yadav,FAC001,Morning,9.6,Senior,Certified,0.953,0.006
OPR0646,Aman Verma,FAC002,Evening,10.3,Senior,Not Certified,0.772,0.026
OPR0647,Simran Patel,FAC004,Night,15.0,Senior,Certified,0.926,0.006
OPR0648,Rahul Mehta,FAC002,Evening,4.3,Intermediate,Expired,0.951,0.036
OPR0649,Rohan Yadav,FAC005,Evening,2.7,Junior,Certified,0.872,0.032
OPR0650,Ishaan Gupta,FAC007,Morning,4.2,Intermediate,Expired,0.842,0.036
OPR0651,Pooja Reddy,FAC009,Evening,15.5,Senior,Certified,0.933,0.006
OPR0652,Sai Verma,FAC005,Evening,14.6,Senior,Certified,0.843,0.006
OPR0653,Riya Singh,FAC006,Morning,0.4,Junior,Certified,0.8,0.032
OPR0654,Aman Yadav,FAC001,Evening,14.8,Senior,Not Certified,0.899,0.026
OPR0655,Ishaan Singh,FAC007,Morning,1.4,Junior,Certified,0.955,0.032
OPR0656,Kavya Nair,FAC008,Night,12.1,Senior,Certified,0.99,0.006
OPR0657,Vivaan Yadav,FAC009,Evening,19.6,Senior,Certified,0.965,0.006
OPR0658,Meera Singh,FAC010,Night,2.2,Junior,Certified,0.878,0.032
OPR0659,Aditya Gupta,FAC002,Evening,18.2,Senior,Certified,0.764,0.006
OPR0660,Simran Patel,FAC003,Morning,12.0,Senior,Certified,0.914,0.006
OPR0661,Vivaan Gupta,FAC002,Night,16.6,Senior,Expired,0.792,0.026
OPR0662,Ishaan Gupta,FAC002,Night,6.1,Intermediate,Certified,0.921,0.016
OPR0663,Sai Verma,FAC005,Night,3.7,Intermediate,Certified,0.842,0.016
OPR0664,Aditya Patel,FAC004,Evening,11.4,Senior,Certified,0.79,0.006
OPR0665,Priya Verma,FAC005,Evening,0.5,Junior,Certified,0.953,0.032
OPR0666,Meera Verma,FAC003,Night,1.2,Junior,Certified,0.862,0.032
OPR0667,Priya Nair,FAC004,Evening,13.5,Senior,Certified,0.829,0.006
OPR0668,Rahul Gupta,FAC001,Morning,8.4,Senior,Not Certified,0.818,0.026
OPR0669,Ananya Verma,FAC002,Evening,18.6,Senior,Certified,0.961,0.006
OPR0670,Pooja Verma,FAC005,Morning,10.2,Senior,Certified,0.837,0.006
OPR0671,Neha Mehta,FAC002,Evening,18.5,Senior,Certified,0.951,0.006
OPR0672,Kavya Gupta,FAC003,Evening,0.6,Junior,Expired,0.959,0.052
OPR0673,Riya Gupta,FAC006,Night,1.1,Junior,Expired,0.785,0.052
OPR0674,Sai Verma,FAC010,Morning,9.2,Senior,Expired,0.895,0.026
OPR0675,Ishaan Singh,FAC003,Evening,9.1,Senior,Certified,0.834,0.006
OPR0676,Riya Singh,FAC001,Night,18.7,Senior,Certified,0.789,0.006
OPR0677,Rohan Reddy,FAC010,Morning,4.7,Intermediate,Certified,0.843,0.016
OPR0678,Vikram Yadav,FAC003,Morning,8.5,Senior,Certified,0.94,0.006
OPR0679,Vikram Mehta,FAC008,Night,11.5,Senior,Expired,0.807,0.026
OPR0680,Aman Yadav,FAC005,Morning,9.6,Senior,Expired,0.915,0.026
OPR0681,Aditya Mehta,FAC002,Night,9.3,Senior,Certified,0.912,0.006
OPR0682,Simran Singh,FAC006,Morning,5.9,Intermediate,Certified,0.896,0.016
OPR0683,Neha Gupta,FAC007,Morning,2.1,Junior,Certified,0.83,0.032
OPR0684,Riya Verma,FAC006,Morning,8.8,Senior,Expired,0.8,0.026
OPR0685,Nitin Nair,FAC007,Morning,5.1,Intermediate,Certified,0.807,0.016
OPR0686,Kavya Singh,FAC005,Morning,17.5,Senior,Certified,0.993,0.006
OPR0687,Meera Yadav,FAC008,Morning,14.9,Senior,Certified,0.807,0.006
OPR0688,Meera Sharma,FAC009,Evening,3.9,Intermediate,Certified,0.862,0.016
OPR0689,Priya Verma,FAC010,Evening,8.4,Senior,Certified,0.958,0.006
OPR0690,Kavya Patel,FAC006,Morning,14.6,Senior,Certified,0.923,0.006
OPR0691,Aman Yadav,FAC006,Evening,14.2,Senior,Certified,0.846,0.006
OPR0692,Aditya Nair,FAC010,Morning,16.8,Senior,Certified,0.909,0.006
OPR0693,Arjun Patel,FAC003,Night,14.6,Senior,Certified,0.902,0.006
OPR0694,Aditya Gupta,FAC006,Evening,1.2,Junior,Certified,0.789,0.032
OPR0695,Vivaan Verma,FAC005,Morning,5.5,Intermediate,Certified,0.852,0.016
OPR0696,Arjun Verma,FAC002,Evening,13.7,Senior,Certified,0.83,0.006
OPR0697,Simran Mehta,FAC007,Night,1.1,Junior,Certified,0.92,0.032
OPR0698,Rahul Reddy,FAC010,Night,5.2,Intermediate,Certified,0.84,0.016
OPR0699,Aman Yadav,FAC006,Night,14.9,Senior,Certified,0.797,0.006
OPR0700,Aman Patel,FAC001,Morning,7.3,Intermediate,Not Certified,0.895,0.036
OPR0701,Karan Singh,FAC002,Evening,10.9,Senior,Certified,0.761,0.006
OPR0702,Vivaan Singh,FAC001,Evening,10.5,Senior,Certified,0.901,0.006
OPR0703,Rahul Mehta,FAC004,Evening,16.8,Senior,Certified,0.795,0.006
OPR0704,Sai Nair,FAC001,Morning,7.4,Intermediate,Certified,0.918,0.016
OPR0705,Sai Singh,FAC007,Evening,17.6,Senior,Certified,0.844,0.006
OPR0706,Meera Sharma,FAC005,Morning,7.8,Intermediate,Certified,0.809,0.016
OPR0707,Simran Patel,FAC008,Evening,7.7,Intermediate,Expired,0.838,0.036
OPR0708,Vikram Patel,FAC003,Night,3.0,Intermediate,Certified,0.876,0.016
OPR0709,Arjun Verma,FAC003,Morning,1.1,Junior,Certified,0.939,0.032
OPR0710,Aditya Singh,FAC007,Morning,10.5,Senior,Certified,0.825,0.006
OPR0711,Simran Patel,FAC010,Morning,15.9,Senior,Certified,0.977,0.006
OPR0712,Neha Singh,FAC002,Morning,5.5,Intermediate,Certified,0.912,0.016
OPR0713,Simran Yadav,FAC005,Evening,6.4,Intermediate,Certified,0.979,0.016
OPR0714,Karan Yadav,FAC006,Morning,15.0,Senior,Certified,0.907,0.006
OPR0715,Neha Verma,FAC001,Night,15.4,Senior,Certified,0.857,0.006
OPR0716,Aditya Singh,FAC005,Morning,13.8,Senior,Certified,0.974,0.006
OPR0717,Sai Gupta,FAC009,Morning,11.5,Senior,Certified,0.797,0.006
OPR0718,Kavya Kumar,FAC005,Morning,4.2,Intermediate,Certified,0.79,0.016
OPR0719,Kavya Sharma,FAC004,Evening,9.5,Senior,Expired,0.905,0.026
OPR0720,Ananya Gupta,FAC006,Night,8.4,Senior,Expired,0.833,0.026
OPR0721,Priya Patel,FAC002,Evening,6.7,Intermediate,Certified,0.873,0.016
OPR0722,Rohan Singh,FAC003,Night,10.4,Senior,Certified,0.946,0.006
OPR0723,Vikram Verma,FAC001,Evening,11.2,Senior,Expired,0.843,0.026
OPR0724,Priya Mehta,FAC006,Night,18.1,Senior,Expired,0.878,0.026
OPR0725,Nitin Yadav,FAC002,Evening,7.5,Intermediate,Certified,0.801,0.016
OPR0726,Neha Patel,FAC007,Night,1.7,Junior,Certified,0.91,0.032
OPR0727,Karan Mehta,FAC003,Night,16.4,Senior,Certified,0.923,0.006
OPR0728,Karan Singh,FAC003,Evening,5.2,Intermediate,Certified,0.851,0.016
OPR0729,Nitin Yadav,FAC004,Morning,15.3,Senior,Certified,0.813,0.006
OPR0730,Aditya Gupta,FAC004,Morning,15.4,Senior,Certified,0.902,0.006
OPR0731,Arjun Yadav,FAC009,Evening,3.8,Intermediate,Certified,0.87,0.016
OPR0732,Aditya Singh,FAC010,Evening,14.5,Senior,Certified,0.947,0.006
OPR0733,Vikram Patel,FAC010,Morning,13.7,Senior,Certified,0.769,0.006
OPR0734,Ishaan Verma,FAC001,Night,12.8,Senior,Certified,0.874,0.006
OPR0735,Rahul Mehta,FAC005,Morning,1.9,Junior,Certified,0.763,0.032
OPR0736,Ishaan Yadav,FAC005,Morning,16.0,Senior,Certified,0.915,0.006
OPR0737,Neha Yadav,FAC003,Morning,9.0,Senior,Expired,0.779,0.026
OPR0738,Riya Patel,FAC003,Evening,19.9,Senior,Expired,0.909,0.026
OPR0739,Meera Patel,FAC006,Evening,6.7,Intermediate,Certified,0.857,0.016
OPR0740,Arjun Sharma,FAC005,Evening,10.6,Senior,Certified,0.854,0.006
OPR0741,Meera Reddy,FAC006,Evening,9.7,Senior,Certified,0.817,0.006
OPR0742,Kavya Nair,FAC002,Morning,2.2,Junior,Certified,0.76,0.032
OPR0743,Neha Nair,FAC010,Morning,2.8,Junior,Certified,0.835,0.032
OPR0744,Arjun Mehta,FAC002,Evening,3.6,Intermediate,Certified,0.785,0.016
OPR0745,Ananya Reddy,FAC003,Morning,18.4,Senior,Certified,0.84,0.006
OPR0746,Ishaan Yadav,FAC006,Night,1.7,Junior,Not Certified,0.905,0.052
OPR0747,Simran Gupta,FAC003,Evening,9.8,Senior,Expired,0.99,0.026
OPR0748,Arjun Patel,FAC006,Night,17.8,Senior,Certified,0.981,0.006
OPR0749,Vivaan Verma,FAC003,Evening,6.2,Intermediate,Certified,0.879,0.016
OPR0750,Rohan Yadav,FAC001,Evening,17.2,Senior,Certified,0.876,0.006
OPR0751,Aarav Gupta,FAC001,Evening,18.7,Senior,Certified,0.813,0.006
OPR0752,Simran Mehta,FAC010,Morning,9.3,Senior,Certified,0.789,0.006
OPR0753,Sai Mehta,FAC007,Evening,14.2,Senior,Not Certified,0.991,0.026
OPR0754,Aditya Kumar,FAC005,Night,11.0,Senior,Certified,0.761,0.006
OPR0755,Simran Gupta,FAC006,Night,7.1,Intermediate,Certified,0.845,0.016
OPR0756,Ishaan Mehta,FAC005,Evening,18.2,Senior,Certified,0.893,0.006
OPR0757,Simran Verma,FAC005,Evening,6.5,Intermediate,Certified,0.99,0.016
OPR0758,Vivaan Singh,FAC001,Night,12.2,Senior,Certified,0.897,0.006
OPR0759,Aarav Gupta,FAC006,Morning,1.7,Junior,Expired,0.824,0.052
OPR0760,Rahul Reddy,FAC008,Morning,9.9,Senior,Certified,0.916,0.006
OPR0761,Priya Mehta,FAC006,Morning,7.1,Intermediate,Certified,0.949,0.016
OPR0762,Arjun Nair,FAC006,Morning,11.1,Senior,Certified,0.994,0.006
OPR0763,Rahul Patel,FAC005,Evening,4.8,Intermediate,Certified,0.892,0.016
OPR0764,Rohan Mehta,FAC009,Morning,7.5,Intermediate,Certified,0.777,0.016
OPR0765,Nitin Kumar,FAC002,Morning,10.2,Senior,Certified,0.809,0.006
OPR0766,Simran Nair,FAC005,Morning,8.4,Senior,Expired,0.784,0.026
OPR0767,Vikram Reddy,FAC009,Morning,9.6,Senior,Certified,0.971,0.006
OPR0768,Kavya Kumar,FAC003,Night,15.2,Senior,Certified,0.775,0.006
OPR0769,Ananya Gupta,FAC003,Evening,14.0,Senior,Certified,0.842,0.006
OPR0770,Vivaan Reddy,FAC001,Evening,2.7,Junior,Certified,0.899,0.032
OPR0771,Aarav Kumar,FAC004,Morning,14.2,Senior,Certified,0.991,0.006
OPR0772,Pooja Yadav,FAC004,Night,2.4,Junior,Expired,0.774,0.052
OPR0773,Neha Mehta,FAC008,Evening,13.2,Senior,Not Certified,0.911,0.026
OPR0774,Arjun Verma,FAC008,Morning,7.9,Intermediate,Certified,0.907,0.016
OPR0775,Aarav Mehta,FAC005,Evening,15.1,Senior,Certified,0.943,0.006
OPR0776,Aman Nair,FAC007,Evening,7.0,Intermediate,Certified,0.768,0.016
OPR0777,Aditya Patel,FAC004,Morning,3.3,Intermediate,Certified,0.822,0.016
OPR0778,Vivaan Patel,FAC009,Morning,18.7,Senior,Certified,0.958,0.006
OPR0779,Vikram Yadav,FAC001,Night,14.8,Senior,Certified,0.94,0.006
OPR0780,Riya Singh,FAC010,Night,5.5,Intermediate,Certified,0.837,0.016
OPR0781,Aarav Gupta,FAC003,Evening,11.4,Senior,Certified,0.811,0.006
OPR0782,Riya Gupta,FAC005,Morning,18.3,Senior,Certified,0.84,0.006
OPR0783,Kavya Nair,FAC001,Evening,8.3,Senior,Certified,0.926,0.006
OPR0784,Arjun Kumar,FAC008,Evening,13.4,Senior,Certified,0.863,0.006
OPR0785,Rohan Singh,FAC004,Night,6.2,Intermediate,Certified,0.98,0.016
OPR0786,Karan Kumar,FAC010,Evening,1.4,Junior,Certified,0.796,0.032
OPR0787,Rahul Verma,FAC003,Night,8.5,Senior,Expired,0.984,0.026
OPR0788,Aman Verma,FAC002,Morning,16.2,Senior,Certified,0.774,0.006
OPR0789,Priya Singh,FAC002,Morning,17.2,Senior,Certified,0.809,0.006
OPR0790,Priya Yadav,FAC008,Morning,11.7,Senior,Certified,0.985,0.006
OPR0791,Riya Singh,FAC008,Evening,18.8,Senior,Certified,0.859,0.006
OPR0792,Ishaan Sharma,FAC010,Night,7.0,Intermediate,Certified,0.97,0.016
OPR0793,Nitin Verma,FAC009,Morning,16.0,Senior,Certified,0.962,0.006
OPR0794,Meera Singh,FAC009,Evening,18.4,Senior,Certified,0.855,0.006
OPR0795,Simran Mehta,FAC010,Evening,8.8,Senior,Certified,0.923,0.006
OPR0796,Aditya Kumar,FAC001,Morning,17.8,Senior,Not Certified,0.949,0.026
OPR0797,Vivaan Kumar,FAC005,Night,3.5,Intermediate,Certified,0.947,0.016
OPR0798,Aditya Reddy,FAC001,Morning,8.0,Senior,Certified,0.792,0.006
OPR0799,Aditya Nair,FAC002,Morning,6.5,Intermediate,Certified,0.855,0.016
OPR0800,Aman Singh,FAC003,Morning,4.4,Intermediate,Certified,0.818,0.016
OPR0801,Ananya Nair,FAC008,Night,9.9,Senior,Certified,0.993,0.006
OPR0802,Karan Patel,FAC002,Evening,7.1,Intermediate,Certified,0.898,0.016
OPR0803,Riya Kumar,FAC010,Morning,8.6,Senior,Expired,0.838,0.026
OPR0804,Pooja Mehta,FAC006,Night,13.8,Senior,Not Certified,0.807,0.026
OPR0805,Priya Kumar,FAC002,Evening,8.6,Senior,Expired,0.928,0.026
OPR0806,Nitin Sharma,FAC004,Morning,19.0,Senior,Certified,0.957,0.006
OPR0807,Rohan Verma,FAC003,Evening,7.4,Intermediate,Certified,0.992,0.016
OPR0808,Ishaan Kumar,FAC004,Night,11.7,Senior,Certified,0.807,0.006
OPR0809,Rohan Singh,FAC008,Evening,8.7,Senior,Certified,0.869,0.006
OPR0810,Karan Patel,FAC008,Morning,9.2,Senior,Certified,0.891,0.006
OPR0811,Aman Sharma,FAC004,Night,15.1,Senior,Certified,0.85,0.006
OPR0812,Riya Sharma,FAC001,Evening,6.2,Intermediate,Certified,0.906,0.016
OPR0813,Priya Sharma,FAC008,Evening,3.4,Intermediate,Certified,0.971,0.016
OPR0814,Vivaan Reddy,FAC010,Morning,8.7,Senior,Certified,0.904,0.006
OPR0815,Aman Singh,FAC003,Evening,1.8,Junior,Certified,0.807,0.032
OPR0816,Pooja Sharma,FAC009,Morning,6.3,Intermediate,Certified,0.955,0.016
OPR0817,Arjun Patel,FAC004,Evening,14.8,Senior,Expired,0.966,0.026
OPR0818,Kavya Yadav,FAC007,Night,13.0,Senior,Certified,0.959,0.006
OPR0819,Aman Reddy,FAC003,Night,3.8,Intermediate,Certified,0.784,0.016
OPR0820,Ishaan Yadav,FAC007,Night,6.8,Intermediate,Certified,0.877,0.016
OPR0821,Meera Nair,FAC005,Evening,15.2,Senior,Certified,0.931,0.006
OPR0822,Kavya Reddy,FAC001,Morning,8.9,Senior,Expired,0.88,0.026
OPR0823,Meera Sharma,FAC003,Evening,11.9,Senior,Not Certified,0.822,0.026
OPR0824,Simran Nair,FAC006,Morning,5.9,Intermediate,Certified,0.843,0.016
OPR0825,Rohan Verma,FAC010,Night,14.4,Senior,Expired,0.895,0.026
OPR0826,Aditya Singh,FAC002,Night,6.2,Intermediate,Certified,0.93,0.016
OPR0827,Ishaan Nair,FAC005,Morning,6.6,Intermediate,Certified,0.884,0.016
OPR0828,Neha Reddy,FAC008,Morning,14.0,Senior,Certified,0.858,0.006
OPR0829,Sai Sharma,FAC003,Morning,9.9,Senior,Certified,0.882,0.006
OPR0830,Riya Sharma,FAC009,Night,4.2,Intermediate,Not Certified,0.989,0.036
OPR0831,Rohan Gupta,FAC003,Morning,10.5,Senior,Not Certified,0.894,0.026
OPR0832,Aarav Kumar,FAC006,Night,14.5,Senior,Certified,0.762,0.006
OPR0833,Sai Patel,FAC007,Morning,6.0,Intermediate,Certified,0.899,0.016
OPR0834,Simran Mehta,FAC001,Evening,14.0,Senior,Certified,0.89,0.006
OPR0835,Rahul Verma,FAC008,Evening,2.8,Junior,Certified,0.936,0.032
OPR0836,Aman Nair,FAC002,Evening,3.4,Intermediate,Certified,0.92,0.016
OPR0837,Ishaan Patel,FAC002,Evening,10.9,Senior,Certified,0.823,0.006
OPR0838,Aditya Yadav,FAC008,Evening,4.8,Intermediate,Certified,0.853,0.016
OPR0839,Meera Verma,FAC001,Night,8.6,Senior,Certified,0.935,0.006
OPR0840,Aman Verma,FAC003,Morning,17.7,Senior,Certified,0.929,0.006
OPR0841,Rahul Sharma,FAC001,Evening,3.5,Intermediate,Certified,0.893,0.016
OPR0842,Kavya Patel,FAC001,Morning,13.5,Senior,Certified,0.972,0.006
OPR0843,Meera Patel,FAC005,Morning,10.3,Senior,Certified,0.768,0.006
OPR0844,Rohan Yadav,FAC002,Night,5.6,Intermediate,Certified,0.989,0.016
OPR0845,Pooja Verma,FAC008,Evening,11.7,Senior,Certified,0.879,0.006
OPR0846,Rahul Nair,FAC002,Evening,1.3,Junior,Certified,0.933,0.032
OPR0847,Aman Singh,FAC010,Morning,5.2,Intermediate,Certified,0.855,0.016
OPR0848,Priya Sharma,FAC006,Night,1.8,Junior,Certified,0.853,0.032
OPR0849,Vivaan Patel,FAC009,Night,9.7,Senior,Expired,0.899,0.026
OPR0850,Pooja Gupta,FAC002,Evening,3.4,Intermediate,Certified,0.862,0.016
OPR0851,Arjun Verma,FAC010,Morning,16.1,Senior,Certified,0.851,0.006
OPR0852,Rahul Verma,FAC005,Evening,12.9,Senior,Certified,0.819,0.006
OPR0853,Ananya Nair,FAC002,Evening,12.3,Senior,Certified,0.872,0.006
OPR0854,Aarav Mehta,FAC008,Night,18.4,Senior,Expired,0.766,0.026
OPR0855,Riya Kumar,FAC002,Morning,8.7,Senior,Certified,0.816,0.006
OPR0856,Kavya Yadav,FAC005,Morning,11.9,Senior,Certified,0.809,0.006
OPR0857,Kavya Nair,FAC002,Evening,12.1,Senior,Certified,0.779,0.006
OPR0858,Nitin Patel,FAC002,Evening,3.6,Intermediate,Certified,0.846,0.016
OPR0859,Vikram Yadav,FAC009,Morning,4.7,Intermediate,Certified,0.89,0.016
OPR0860,Priya Yadav,FAC010,Morning,9.2,Senior,Certified,0.917,0.006
OPR0861,Meera Singh,FAC001,Evening,18.3,Senior,Certified,0.918,0.006
OPR0862,Meera Patel,FAC002,Evening,19.3,Senior,Expired,0.988,0.026
OPR0863,Ananya Kumar,FAC003,Morning,7.4,Intermediate,Certified,0.776,0.016
OPR0864,Pooja Yadav,FAC009,Morning,0.4,Junior,Certified,0.9,0.032
OPR0865,Karan Singh,FAC002,Morning,14.5,Senior,Certified,0.804,0.006
OPR0866,Arjun Verma,FAC004,Evening,11.7,Senior,Certified,0.835,0.006
OPR0867,Karan Mehta,FAC001,Morning,2.6,Junior,Certified,0.841,0.032
OPR0868,Ananya Kumar,FAC007,Evening,16.1,Senior,Certified,0.812,0.006
OPR0869,Riya Mehta,FAC007,Evening,3.0,Intermediate,Certified,0.816,0.016
OPR0870,Neha Gupta,FAC007,Morning,3.6,Intermediate,Certified,0.854,0.016
OPR0871,Vivaan Yadav,FAC005,Night,0.5,Junior,Certified,0.859,0.032
OPR0872,Arjun Verma,FAC009,Morning,12.7,Senior,Certified,0.994,0.006
OPR0873,Rahul Singh,FAC003,Evening,17.0,Senior,Expired,0.799,0.026
OPR0874,Rahul Nair,FAC002,Evening,1.2,Junior,Certified,0.893,0.032
OPR0875,Sai Kumar,FAC010,Morning,8.1,Senior,Certified,0.856,0.006
OPR0876,Neha Gupta,FAC009,Morning,13.3,Senior,Certified,0.848,0.006
OPR0877,Aditya Reddy,FAC010,Evening,7.0,Intermediate,Certified,0.859,0.016
OPR0878,Sai Yadav,FAC005,Morning,5.8,Intermediate,Certified,0.87,0.016
OPR0879,Ishaan Mehta,FAC005,Morning,5.2,Intermediate,Certified,0.982,0.016
OPR0880,Nitin Mehta,FAC006,Evening,15.1,Senior,Expired,0.857,0.026
OPR0881,Sai Sharma,FAC007,Night,10.4,Senior,Certified,0.884,0.006
OPR0882,Aditya Nair,FAC010,Evening,14.8,Senior,Certified,0.867,0.006
OPR0883,Karan Yadav,FAC003,Evening,1.3,Junior,Expired,0.99,0.052
OPR0884,Sai Yadav,FAC008,Morning,19.3,Senior,Certified,0.838,0.006
OPR0885,Ishaan Reddy,FAC003,Morning,13.5,Senior,Certified,0.942,0.006
OPR0886,Vikram Gupta,FAC006,Evening,10.2,Senior,Certified,0.99,0.006
OPR0887,Riya Mehta,FAC004,Morning,11.0,Senior,Certified,0.831,0.006
OPR0888,Karan Verma,FAC006,Morning,10.6,Senior,Not Certified,0.767,0.026
OPR0889,Vivaan Verma,FAC006,Evening,19.1,Senior,Certified,0.85,0.006
OPR0890,Meera Yadav,FAC003,Night,4.9,Intermediate,Certified,0.911,0.016
OPR0891,Ishaan Singh,FAC003,Night,3.5,Intermediate,Certified,0.787,0.016
OPR0892,Karan Singh,FAC006,Evening,4.1,Intermediate,Certified,0.922,0.016
OPR0893,Simran Reddy,FAC010,Night,8.6,Senior,Certified,0.809,0.006
OPR0894,Arjun Singh,FAC009,Evening,5.8,Intermediate,Expired,0.913,0.036
OPR0895,Sai Patel,FAC001,Morning,11.8,Senior,Certified,0.84,0.006
OPR0896,Priya Singh,FAC010,Evening,5.7,Intermediate,Certified,0.784,0.016
OPR0897,Rohan Patel,FAC004,Evening,16.5,Senior,Certified,0.854,0.006
OPR0898,Aditya Sharma,FAC008,Morning,11.5,Senior,Certified,0.783,0.006
OPR0899,Vivaan Gupta,FAC001,Night,19.8,Senior,Certified,0.984,0.006
OPR0900,Rahul Mehta,FAC002,Morning,1.4,Junior,Certified,0.796,0.032
OPR0901,Nitin Sharma,FAC004,Evening,7.0,Intermediate,Certified,0.921,0.016
OPR0902,Vivaan Verma,FAC002,Evening,5.1,Intermediate,Certified,0.9,0.016
OPR0903,Meera Kumar,FAC002,Evening,8.0,Senior,Expired,0.91,0.026
OPR0904,Nitin Singh,FAC003,Morning,0.3,Junior,Expired,0.81,0.052
OPR0905,Riya Mehta,FAC005,Morning,15.4,Senior,Certified,0.928,0.006
OPR0906,Vikram Sharma,FAC005,Evening,11.8,Senior,Certified,0.88,0.006
OPR0907,Rohan Yadav,FAC003,Night,9.1,Senior,Certified,0.953,0.006
OPR0908,Vivaan Mehta,FAC002,Evening,2.2,Junior,Not Certified,0.828,0.052
OPR0909,Ishaan Verma,FAC005,Night,6.6,Intermediate,Not Certified,0.864,0.036
OPR0910,Pooja Singh,FAC006,Night,15.1,Senior,Certified,0.94,0.006
OPR0911,Pooja Gupta,FAC005,Morning,7.1,Intermediate,Certified,0.87,0.016
OPR0912,Meera Mehta,FAC001,Night,19.5,Senior,Certified,0.971,0.006
OPR0913,Priya Verma,FAC004,Evening,11.8,Senior,Certified,0.938,0.006
OPR0914,Ananya Gupta,FAC007,Evening,10.4,Senior,Expired,0.871,0.026
OPR0915,Vivaan Kumar,FAC007,Evening,2.4,Junior,Certified,0.975,0.032
OPR0916,Sai Gupta,FAC003,Morning,15.1,Senior,Certified,0.837,0.006
OPR0917,Meera Kumar,FAC005,Evening,3.3,Intermediate,Certified,0.812,0.016
OPR0918,Kavya Sharma,FAC005,Evening,17.9,Senior,Certified,0.974,0.006
OPR0919,Karan Yadav,FAC010,Morning,9.6,Senior,Certified,0.943,0.006
OPR0920,Karan Yadav,FAC003,Night,2.1,Junior,Expired,0.873,0.052
OPR0921,Karan Verma,FAC010,Night,2.3,Junior,Certified,0.777,0.032
OPR0922,Arjun Verma,FAC001,Night,13.6,Senior,Certified,0.837,0.006
OPR0923,Simran Nair,FAC004,Morning,13.2,Senior,Certified,0.766,0.006
OPR0924,Rahul Nair,FAC001,Morning,9.3,Senior,Certified,0.889,0.006
OPR0925,Ananya Reddy,FAC002,Evening,7.4,Intermediate,Certified,0.765,0.016
OPR0926,Vivaan Patel,FAC008,Evening,8.3,Senior,Certified,0.899,0.006
OPR0927,Priya Yadav,FAC007,Night,13.4,Senior,Certified,0.76,0.006
OPR0928,Rahul Yadav,FAC004,Night,2.8,Junior,Certified,0.799,0.032
OPR0929,Ananya Reddy,FAC003,Morning,2.3,Junior,Certified,0.768,0.032
OPR0930,Vikram Verma,FAC003,Morning,2.4,Junior,Certified,0.93,0.032
OPR0931,Riya Sharma,FAC002,Night,12.7,Senior,Certified,0.825,0.006
OPR0932,Vivaan Mehta,FAC008,Evening,17.8,Senior,Certified,0.978,0.006
OPR0933,Simran Nair,FAC006,Evening,7.6,Intermediate,Certified,0.987,0.016
OPR0934,Aman Patel,FAC005,Night,9.2,Senior,Expired,0.797,0.026
OPR0935,Aditya Patel,FAC001,Night,17.3,Senior,Certified,0.778,0.006
OPR0936,Aman Sharma,FAC009,Night,1.8,Junior,Certified,0.882,0.032
OPR0937,Vivaan Singh,FAC006,Evening,14.3,Senior,Certified,0.992,0.006
OPR0938,Ananya Singh,FAC007,Night,9.8,Senior,Certified,0.777,0.006
OPR0939,Ananya Sharma,FAC001,Night,1.8,Junior,Certified,0.99,0.032
OPR0940,Nitin Gupta,FAC003,Night,6.7,Intermediate,Certified,0.856,0.016
OPR0941,Ishaan Kumar,FAC008,Morning,10.8,Senior,Certified,0.865,0.006
OPR0942,Simran Sharma,FAC003,Morning,4.1,Intermediate,Certified,0.795,0.016
OPR0943,Rohan Sharma,FAC004,Morning,18.7,Senior,Certified,0.893,0.006
OPR0944,Nitin Mehta,FAC008,Morning,16.2,Senior,Certified,0.892,0.006
OPR0945,Priya Nair,FAC010,Evening,15.2,Senior,Expired,0.918,0.026
OPR0946,Aarav Gupta,FAC009,Morning,3.6,Intermediate,Certified,0.854,0.016
OPR0947,Neha Mehta,FAC005,Morning,1.2,Junior,Certified,0.798,0.032
OPR0948,Priya Verma,FAC009,Evening,13.1,Senior,Certified,0.92,0.006
OPR0949,Simran Mehta,FAC004,Night,6.6,Intermediate,Certified,0.915,0.016
OPR0950,Aman Patel,FAC007,Evening,8.5,Senior,Certified,0.925,0.006
OPR0951,Vikram Yadav,FAC002,Evening,1.0,Junior,Certified,0.856,0.032
OPR0952,Neha Singh,FAC001,Morning,17.9,Senior,Certified,0.994,0.006
OPR0953,Kavya Nair,FAC005,Night,5.9,Intermediate,Certified,0.939,0.016
OPR0954,Meera Singh,FAC005,Evening,14.3,Senior,Certified,0.791,0.006
OPR0955,Meera Gupta,FAC005,Morning,7.2,Intermediate,Certified,0.763,0.016
OPR0956,Pooja Nair,FAC003,Night,1.8,Junior,Certified,0.927,0.032
OPR0957,Neha Verma,FAC001,Evening,12.0,Senior,Certified,0.89,0.006
OPR0958,Ishaan Nair,FAC002,Evening,9.1,Senior,Certified,0.882,0.006
OPR0959,Ananya Sharma,FAC008,Evening,2.0,Junior,Certified,0.877,0.032
OPR0960,Vikram Yadav,FAC002,Evening,13.0,Senior,Certified,0.984,0.006
OPR0961,Simran Gupta,FAC005,Morning,12.2,Senior,Certified,0.862,0.006
OPR0962,Rahul Patel,FAC009,Morning,13.6,Senior,Certified,0.953,0.006
OPR0963,Riya Nair,FAC008,Morning,3.5,Intermediate,Certified,0.913,0.016
OPR0964,Meera Mehta,FAC007,Night,10.1,Senior,Certified,0.978,0.006
OPR0965,Rohan Reddy,FAC006,Night,18.4,Senior,Certified,0.838,0.006
OPR0966,Aarav Sharma,FAC002,Morning,8.2,Senior,Certified,0.867,0.006
OPR0967,Vivaan Sharma,FAC002,Evening,5.6,Intermediate,Certified,0.955,0.016
OPR0968,Kavya Patel,FAC003,Evening,15.5,Senior,Not Certified,0.992,0.026
OPR0969,Pooja Kumar,FAC010,Morning,2.4,Junior,Certified,0.807,0.032
OPR0970,Kavya Verma,FAC002,Evening,18.6,Senior,Expired,0.956,0.026
OPR0971,Pooja Verma,FAC010,Evening,1.7,Junior,Certified,0.943,0.032
OPR0972,Vikram Nair,FAC005,Morning,6.0,Intermediate,Certified,0.93,0.016
OPR0973,Rahul Gupta,FAC006,Morning,18.9,Senior,Certified,0.855,0.006
OPR0974,Aarav Reddy,FAC005,Evening,10.2,Senior,Certified,0.8,0.006
OPR0975,Neha Kumar,FAC006,Evening,10.8,Senior,Certified,0.877,0.006
OPR0976,Aarav Gupta,FAC008,Morning,1.4,Junior,Certified,0.917,0.032
OPR0977,Arjun Reddy,FAC006,Morning,16.6,Senior,Certified,0.839,0.006
OPR0978,Rahul Singh,FAC001,Morning,17.3,Senior,Certified,0.934,0.006
OPR0979,Ananya Patel,FAC008,Morning,9.0,Senior,Certified,0.813,0.006
OPR0980,Nitin Mehta,FAC003,Morning,1.3,Junior,Certified,0.879,0.032
OPR0981,Arjun Verma,FAC003,Morning,14.0,Senior,Certified,0.902,0.006
OPR0982,Aarav Yadav,FAC002,Night,0.6,Junior,Certified,0.881,0.032
OPR0983,Meera Kumar,FAC009,Evening,8.5,Senior,Certified,0.925,0.006
OPR0984,Sai Sharma,FAC004,Night,12.2,Senior,Not Certified,0.961,0.026
OPR0985,Kavya Nair,FAC003,Morning,12.2,Senior,Certified,0.778,0.006
OPR0986,Aarav Singh,FAC004,Evening,4.4,Intermediate,Certified,0.918,0.016
OPR0987,Aman Verma,FAC002,Evening,3.2,Intermediate,Certified,0.899,0.016
OPR0988,Neha Singh,FAC003,Evening,4.0,Intermediate,Certified,0.831,0.016
OPR0989,Aditya Mehta,FAC009,Evening,15.2,Senior,Certified,0.957,0.006
OPR0990,Simran Mehta,FAC002,Evening,17.4,Senior,Certified,0.919,0.006
OPR0991,Arjun Singh,FAC010,Evening,3.9,Intermediate,Certified,0.816,0.016
OPR0992,Neha Gupta,FAC009,Morning,14.3,Senior,Certified,0.774,0.006
OPR0993,Ananya Gupta,FAC008,Evening,8.2,Senior,Expired,0.979,0.026
OPR0994,Sai Verma,FAC009,Night,11.8,Senior,Certified,0.804,0.006
OPR0995,Aman Gupta,FAC004,Evening,7.7,Intermediate,Certified,0.883,0.016
OPR0996,Simran Verma,FAC005,Evening,16.0,Senior,Certified,0.879,0.006
OPR0997,Ananya Patel,FAC010,Evening,18.0,Senior,Certified,0.867,0.006
OPR0998,Nitin Singh,FAC006,Evening,10.2,Senior,Certified,0.813,0.006
OPR0999,Aman Patel,FAC006,Evening,13.9,Senior,Certified,0.955,0.006
OPR1000,Aditya Singh,FAC002,Evening,16.5,Senior,Certified,0.794,0.006
